Order Number,Package,Price,Domain,Text Before Anchor,Anchor,Text After Anchor,URL,Number Of Pages,Start Date,Stop Date,Sub Account
106362,Music Fan Links,$12.00 ,http://www.musicfanlinks.com,,tummy tuck houston,,http://www.parsplasticsurgery.com,50,2/4/2009,,N/A
109805,ExportRules.com,$12.00 ,http://www.exportrules.com/,,tummy tuck houston,,http://www.parsplasticsurgery.com,1,3/18/2009,,N/A
109805,Philosophy Forums,$12.00 ,http://onlinephilosophyclub.com/forums/,,tummy tuck houston,,http://www.parsplasticsurgery.com,1,3/18/2009,,N/A
113774,Music Downloads,$14.40 ,http://mp3hi-fi.com,,chicago plastic surgeon,,http://www.barringtonplasticsurgery.com,1,5/6/2009,,N/A
113774,Greencoast.  Puerto Viejo  Costa Rica.,$14.40 ,http://www.greencoast.com,,tummy tuck houston,,http://www.parsplasticsurgery.com,160,5/6/2009,,N/A
113774,JohnnyCoder.com,$14.40 ,http://johnnycoder.com/blog/,,breast augmentation houston,,http://www.parsplasticsurgery.com,25,5/6/2009,,N/A
113774,Think Happy Thoughts Happiness Blog,$14.40 ,http://www.thinkhappythoughts.com,,chicago plastic surgeon,,http://www.barringtonplasticsurgery.com,1,5/6/2009,,N/A
113774,The Largest Minority,$12.00 ,http://www.jwharrison.com/blog/,,webkinz,,http://www.cartoondollemporium.com/webkinz.html,3,5/6/2009,,N/A
113774,Web hosting and Domain Registration,$12.00 ,http://www.hybriddomains.net,,evan bailyn,,http://abcnews.go.com/Video/playerIndex?id=2905301,1,5/6/2009,,N/A
113774,Women Business Directory,$12.00 ,http://www.womanbusinessnetwork.com/,,dress up,,http://www.cartoondollemporium.com,1,5/6/2009,,N/A
113774,Online Magazine Directory  News  E-zine,$12.00 ,http://www.magazineboard.com,,dress up,,http://www.cartoondollemporium.com,1,5/6/2009,,N/A
113774,Books  Free Legally Available by Download,$12.00 ,http://free-new-books.com/,,webkinz,,http://www.cartoondollemporium.com/webkinz.html,1,5/6/2009,,N/A
113774,Poker Rules and Tips,$9.60 ,http://www.eventdex.com/,,breast augmentation houston,,http://www.parsplasticsurgery.com,20,5/7/2009,,N/A
113774,Travel and Culture in Jordan,$12.00 ,http://www.focusmm.com/jordan/jo_anamn.htm,,chicago plastic surgeon,,http://www.barringtonplasticsurgery.com,1,5/7/2009,,N/A
113774,360Guide,$12.00 ,http://360guide.info,,chicago plastic surgeon,,http://www.barringtonplasticsurgery.com,1,5/6/2009,,N/A
113774,PR Blog News,$12.00 ,http://prblognews.com,,breast augmentation houston,,http://www.parsplasticsurgery.com,5,5/6/2009,,N/A
113774,spinme,$12.00 ,http://spinme.com,,breast augmentation houston,,http://www.parsplasticsurgery.com,1000,5/6/2009,,N/A
113774,Crossword Cheats,$12.00 ,http://www.crosswordcheats.com/,,tummy tuck houston,,http://www.parsplasticsurgery.com,1,5/7/2009,,N/A
115548,Nuke Reviews,$12.00 ,http://nuke-reviews.com,,best man speech,,http://www.writeyourspeech.com,1,5/27/2009,,N/A
115548,Church Tech Blogs,$14.40 ,http://www.churchtechblogs.com/,,tummy tuck houston,,http://www.parsplasticsurgery.com,1,5/27/2009,,N/A
115548,Berkshires lodging & schedules.,$14.40 ,http://www.berkshirelinks.com/,,chicago plastic surgeon,,http://www.barringtonplasticsurgery.com,2,5/27/2009,,N/A
115548,Worldwide newspapers and Country info,$14.40 ,http://www.newsclock.com,,best man speech,,http://www.writeyourspeech.com,200,6/17/2009,,N/A
115553,Free Microsoft Excel add-in download,$14.40 ,http://www.excel-extools.com,,ny personal injury attorney,,http://www.finzfirm.com/,1,6/17/2009,,N/A
117812,Urban Explorers Network,$12.00 ,http://www.urbanexplorers.net,,office space nyc,,http://www.hunterorg.com,50,6/23/2009,,N/A
117812,Website Valuation Site,$12.00 ,http://www.SiteValueCalculator.com,,office space nyc,,http://www.hunterorg.com,1,6/23/2009,,N/A
117812,Everything Andropause,$12.00 ,http://www.everythingandropause.com,,chicago plastic surgeon,,http://www.barringtonplasticsurgery.com,1,6/23/2009,,N/A
117812,BannerBuild,$12.00 ,http://www.bannerbuild.com,,chicago plastic surgeon,,http://www.barringtonplasticsurgery.com,1,6/23/2009,,N/A
117812,Lightworkers.org - Spiritual network,$12.00 ,http://lightworkers.org,,chicago plastic surgeon,,http://www.barringtonplasticsurgery.com,1,6/23/2009,,N/A
117812,Heart of the Dunes,$12.00 ,http://www.heartofthedunes.info/,,chicago plastic surgeon,,http://www.barringtonplasticsurgery.com,45,6/24/2009,,N/A
117812,Oregon Relocation Guide,$12.00 ,http://www.oregonrelocationguide.com/,,chicago plastic surgeon,,http://www.barringtonplasticsurgery.com,20,6/24/2009,,N/A
117812,International Weblogger,$12.00 ,http://www.inweday.org,,chicago plastic surgeon,,http://www.barringtonplasticsurgery.com,1,6/23/2009,,N/A
117812,Thats Old News,$12.00 ,http://www.thatsoldnews.net,,chicago plastic surgeon,,http://www.barringtonplasticsurgery.com,100,6/23/2009,,N/A
117812,Cheap Dinner Ideas and Recipes,$12.00 ,http://www.cheap-cuisine.com,,chicago plastic surgeon,,http://www.barringtonplasticsurgery.com,1,6/23/2009,,N/A
117812,Comedy Mondays,$12.00 ,http://www.comedymondays.com,,chicago plastic surgeon,,http://www.barringtonplasticsurgery.com,1,6/23/2009,,N/A
119419,Wild West Films,$12.00 ,http://filmswildwest.com,,llc formation,,http://www.formllcdirect.com,100,7/15/2009,,N/A
119419,Free Online Games,$12.00 ,http://gamesandlottos.com,,llc formation,,http://www.formllcdirect.com,1,7/15/2009,,N/A
119420,NHL The National Hockey League,$12.00 ,http://www.floridapanthers.info/,,new york malpractice lawyer,,http://www.finzfirm.com/malpractice/,1,7/15/2009,,N/A
119420,Punkednoodle.com,$12.00 ,http://www.punkednoodle.com,,ny accident attorney,,http://www.finzfirm.com/accidents/,1,7/15/2009,,N/A
119826,Free-Color-Picker,$12.00 ,http://www.free-color-picker.com,,sell iphone,,http://www.yourenew.com,6,7/20/2009,,N/A
120042,Song of Style,$12.00 ,http://songofstyle.blogspot.com/,,dress up,,http://www.cartoondollemporium.com,5,7/22/2009,,N/A
120042,Silentatmosphere,$12.00 ,http://silentatmosphere.com,,webkinz,,http://www.cartoondollemporium.com/webkinz.html,41,7/23/2009,,N/A
120042,Chicago Bulls News,$12.00 ,http://www.chicagobullsnews.com,,webkinz,,http://www.cartoondollemporium.com/webkinz.html,1,7/22/2009,,N/A
120042,Christiaan Conover,$12.00 ,http://www.christiaanconover.com,,webkinz,,http://www.cartoondollemporium.com/webkinz.html,1,7/22/2009,,N/A
120042,weight loss  body building  fitness,$12.00 ,http://www.jefflikeschili.com,,webkinz,,http://www.cartoondollemporium.com/webkinz.html,20,7/27/2009,,N/A
120042,Balticcare,$12.00 ,http://www.balticcare.org,,webkinz,,http://www.cartoondollemporium.com/webkinz.html,1,7/27/2009,,N/A
120043,Pharmacy Abroad,$12.00 ,http://www.meteoseek.com/travel-for-meds.php,,ny accident attorney,,http://www.finzfirm.com/accidents/,1,7/22/2009,,N/A
120043,Indonesia Maps,$12.00 ,http://www.nusaland.com,,ny accident attorney,,http://www.finzfirm.com/accidents/,1,7/22/2009,,N/A
120043,Your Cool Pics,$8.00 ,http://yourcoolpics.com,,ny car accident attorney,,http://www.finzfirm.com/accidents/,1,7/22/2009,,N/A
120043,PR Link Services,$12.00 ,http://prlinkservices.com,,sell cell phone,,http://www.yourenew.com,1,7/22/2009,,N/A
120044,Allure Designs,$12.00 ,http://www.alluredesigns.org,,chicago plastic surgeon,,http://www.barringtonplasticsurgery.com,6,7/22/2009,,N/A
120044,Backlinks For You,$12.00 ,http://www.backlinksforyou.com,,chicago plastic surgeon,,http://www.barringtonplasticsurgery.com,1,7/22/2009,,N/A
120044,Cristiano Ronaldo HQ,$14.40 ,http://www.cristianoronaldohq.com,,chicago plastic surgeon,,http://www.barringtonplasticsurgery.com,127,7/22/2009,,N/A
120044,Communications from DMN,$12.00 ,http://www.dmncommunications.com/weblog/,,form llc,,http://www.formllcdirect.com,1,7/22/2009,,N/A
120044,Discount Hotels,$12.00 ,http://www.ep-ic.com,,form llc,,http://www.formllcdirect.com,1,7/22/2009,,N/A
120044,Elements of Design,$12.00 ,http://www.smileycat.com/design_elements/,,form llc,,http://www.formllcdirect.com,50,7/22/2009,,N/A
120044,Templates Demo for Joomla,$12.00 ,http://demo.pixelthemes.com,,office space nyc,,http://www.hunterorg.com,1,7/22/2009,,N/A
120044,Hydrotik | Flash Development | Design,$14.40 ,http://blog.hydrotik.com,,office space nyc,,http://www.hunterorg.com,1,7/22/2009,,N/A
120044,FreeSharing Network,$12.00 ,http://freesharing.org,,diamond jewelry new york,,http://www.greenwichjewelers.com,65,7/22/2009,,N/A
120044,Celebrity Photos,$12.00 ,http://www.celebrities-photo.com/,,diamond jewelry new york,,http://www.greenwichjewelers.com,1,7/22/2009,,N/A
120044,City Journalist Directory,$14.40 ,http://www.cityjournalistdirectory.com/,,diamond jewelry new york,,http://www.greenwichjewelers.com,1,7/22/2009,,N/A
120044,PortfolioBase,$12.00 ,http://www.portfoliobase.com,,diamond jewelry new york,,http://www.greenwichjewelers.com,1,7/22/2009,,N/A
120044,RefreshMiami.org,$12.00 ,http://www.refreshmiami.org,,diamond jewelry new york,,http://www.greenwichjewelers.com,1,7/22/2009,,N/A
120045,DC305.org - Software Development,$14.40 ,http://dc305.org,,engagement rings new york,,http://www.greenwichjewelers.com,1,7/22/2009,,N/A
120047,VijayKiran.com,$12.00 ,http://www.vijaykiran.com,,llc agreement,,http://www.myllcagreement.com,5,7/22/2009,,N/A
120047,Washington Nationals Fan Community Site,$12.00 ,http://www.washingtonnationalsnews.com,,llc agreement,,http://www.myllcagreement.com,1,7/22/2009,,N/A
120047,Human edited directory,$12.00 ,http://www.xtlinks.com,,new york gynecologist,,http://www.idealbalance.org,1,7/23/2009,,N/A
120048,Hydrotik | Flash Development | Design,$12.00 ,http://blog.hydrotik.com,,evan bailyn,,http://www.nytimes.com/2007/06/06/technology/06doll.html,1,7/22/2009,,N/A
120048,Find an ISP  DSL  Service Provider,$12.00 ,http://www.findisps.com,,engagement rings new york,,http://www.greenwichjewelers.com,1,7/27/2009,,N/A
120383,Online Magazine Directory  News  E-zine,$9.76 ,http://www.magazineboard.com,,webkinz,,http://www.cartoondollemporium.com/webkinz.html,1,7/27/2009,,N/A
120383,Jason Heaths Double Bass Blog,$12.00 ,http://doublebassblog.org/,,ny car accident attorney,,http://www.finzfirm.com/accidents/,1,7/27/2009,,N/A
120383,NHL The National Hockey League,$8.00 ,http://www.floridapanthers.info/,,engagement rings new york,,http://www.greenwichjewelers.com,1,7/27/2009,,N/A
120383,I Heart Brunch,$12.00 ,http://iheartbrunch.com,,form llc,,http://www.formllcdirect.com,1,7/27/2009,,N/A
120383,Beyond Astronomy,$12.00 ,http://www.beyondastronomy.com,,form llc,,http://www.formllcdirect.com,1,7/27/2009,,N/A
120383,Interactive Travel Maps,$12.00 ,http://www.bookbymap.com,,form llc,,http://www.formllcdirect.com,1,7/27/2009,,N/A
120383,Online Magazine Directory  News  E-zine,$12.00 ,http://www.magazineboard.com,,forming llc,,http://www.formllcdirect.com,1,7/27/2009,,N/A
120383,Greencoast.  Puerto Viejo  Costa Rica.,$9.76 ,http://www.greencoast.com,,orange county divorce mediation,,http://www.pinkhamlaw.com,160,7/27/2009,,N/A
120527,Dr. Jungle,$12.00 ,http://animal-world.com,,orange county divorce attorney ,,http://www.pinkhamlaw.com,1,7/29/2009,,N/A
120527,The Fantasy Football Geek Blog,$12.00 ,http://www.ffgeekblog.com/,,orange county divorce attorney ,,http://www.pinkhamlaw.com,100,7/29/2009,,N/A
120527,Freelance work,$12.00 ,http://www.freelance-work.net,,orange county family law lawyer ,,http://www.pinkhamlaw.com,1,7/29/2009,,N/A
120527,Archive Textures,$12.00 ,http://archivetextures.net/,,orange county family law lawyer ,,http://www.pinkhamlaw.com,6000,7/29/2009,,N/A
120527,New York Knicks Community Fan Site,$12.00 ,http://www.newyorkknicksnews.com,,orange county family law lawyer ,,http://www.pinkhamlaw.com,1,8/3/2009,,N/A
120659,Blogging For Bitter Women,$14.40 ,http://www.bloggerbingo.com/bitterwomen/,,llc incorporation,,http://www.formllcdirect.com,100,7/30/2009,,N/A
120659,Chindren,$14.40 ,http://www.kidsafedirectory.com,,tummy tuck houston,,http://www.parsplasticsurgery.com,1,7/30/2009,,N/A
120659,Crazy Quilt,$12.00 ,http://aldebaran14.blogspot.com,,breast augmentation houston,,http://www.parsplasticsurgery.com,1,7/31/2009,,N/A
120659,Domotics Point,$14.40 ,http://www.domoticspoint.com,,breast augmentation houston,,http://www.parsplasticsurgery.com,90,7/30/2009,,N/A
120659,EquestrianMag,$14.40 ,http://www.equestrianmag.com,,web design company,,http://www.intellixmedia.com,725,7/30/2009,,N/A
120659,Expat France,$12.00 ,http://www.chiefdreamer.com/forum/,,web design company,,http://www.intellixmedia.com,2000,7/30/2009,,N/A
120659,On the Stream,$14.40 ,http://www.stratulat.com/blog/,,breast augmentation houston,,http://www.parsplasticsurgery.com/,1,7/30/2009,,N/A
120659,robinadr,$14.40 ,http://robinadr.com/,,401k rollover westchester,,http://www.gaylelob.com,100,7/30/2009,,N/A
120659,Sail Japan,$14.40 ,http://www.sail-japan.info/site/,,web design company,,http://www.intellixmedia.com,1,7/30/2009,,N/A
120659,Santiniketan,$12.00 ,http://www.santiniketan.com,,web design company,,http://www.intellixmedia.com,4,7/30/2009,,N/A
120659,Steph Davis :  High Infatuation,$14.40 ,http://www.highinfatuation.com/blog/,,web design company,,http://www.intellixmedia.com,8,7/30/2009,,N/A
120659,autograph finder,$14.40 ,http://www.autographfinder.com,,web design company,,http://www.intellixmedia.com,1,8/3/2009,,N/A
120659,The Daily Fungo,$14.40 ,http://www.dailyfungo.com,,diamond jewelry new york,,http://www.greenwichjewelers.com,20,8/3/2009,,N/A
120670,Au Go Go Record Store & Label Website,$6.40 ,http://www.augogo.com/main.html,,variable annuity,,http://www.russellbailyn.com/weblog/2008/08/variable_annuity_pros_and_cons.html,1,7/30/2009,,N/A
120670,Communications from DMN,$12.00 ,http://www.dmncommunications.com/weblog/,,variable annuity,,http://www.russellbailyn.com/weblog/2008/08/variable_annuity_pros_and_cons.html,1,7/30/2009,,N/A
120671,Art Directory Online,$12.00 ,http://www.everythingartist.com,,variable annuity,,http://www.russellbailyn.com/weblog/2008/08/variable_annuity_pros_and_cons.html,500,7/30/2009,,N/A
120671,Horse Health Care,$12.00 ,http://www.horsehealthcare.info,,westchester financial,,http://www.gaylelob.com,48,8/2/2009,,N/A
121103,Find an ISP  DSL  Service Provider,$12.00 ,http://www.findisps.com,,office cleaning nyc,,http://www.majikservices.com,1,8/5/2009,,N/A
121103,Blogging For Bitter Women,$12.00 ,http://www.bloggerbingo.com/bitterwomen/,,office cleaning nyc,,http://www.majikservices.com,100,8/5/2009,,N/A
121107,Web hosting and Domain Registration,$12.00 ,http://www.hybriddomains.net,,westchester financial,,http://www.gaylelob.com,1,8/5/2009,,N/A
121107,Greencoast.  Puerto Viejo  Costa Rica.,$12.00 ,http://www.greencoast.com,,diamond jewelry new york,,http://www.greenwichjewelers.com,160,8/5/2009,,N/A
121132,ForestPal.com,$12.00 ,http://www.forestpal.com,,orange county divorce attorney,,http://www.pinkhamlaw.com,500,8/5/2009,,N/A
121453,Slackblogs,$12.00 ,http://slackblogs.blogspot.com,,breast augmentation houston,,http://www.parsplasticsurgery.com/,1,8/10/2009,,N/A
121453, KOI CARP / KOI FISH - ONLINE,$12.00 ,http://koi-carp-online.blogspot.com/,,breast augmentation houston,,http://www.parsplasticsurgery.com/,90,8/11/2009,,N/A
121453,Top Wallpaper Sites Pictures Sites,$12.00 ,http://www.topwallpapersites.net,,breast augmentation houston,,http://www.parsplasticsurgery.com/,1000,8/10/2009,,N/A
121453,World of Warcraft Clickbank Affiliate,$12.00 ,http://pagecount.blogspot.com/,,breast augmentation houston,,http://www.parsplasticsurgery.com/,5,8/10/2009,,N/A
121453,Web,$12.00 ,http://www.webs-best-directory.com,,breast augmentation houston,,http://www.parsplasticsurgery.com/,1,8/10/2009,,N/A
121453,Nikki Reed Fan,$12.00 ,http://nikkireedfan.com/,,tummy tuck houston,,http://www.parsplasticsurgery.com,1,8/10/2009,,N/A
121453,T.V and Book Addict,$12.00 ,http://tvandbookaddict.blogspot.com,,tummy tuck houston,,http://www.parsplasticsurgery.com,5,8/11/2009,,N/A
121453,The Angry Clam,$12.00 ,http://angryclam.blogspot.com/,,tummy tuck houston,,http://www.parsplasticsurgery.com,5,8/10/2009,,N/A
121453,Gadget Lover,$12.00 ,http://viewgadget.blogspot.com/,,tummy tuck houston,,http://www.parsplasticsurgery.com,80,8/10/2009,,N/A
121453,Ice Cream Recipes,$12.00 ,http://www.gelato123.com/,,tummy tuck houston,,http://www.parsplasticsurgery.com,1,8/10/2009,,N/A
121643,Make Money Online Blog,$7.50 ,http://bojack.blogspot.com/,,llc agreement,,http://www.myllcagreement.com/,10,8/12/2009,,N/A
121643,Online Content Providers and Resources,$7.50 ,http://www.subscr.com,,llc agreement,,http://www.myllcagreement.com/,1,8/12/2009,,N/A
121643,The Mod Archive LITE Edition,$7.50 ,http://lite.modarchive.org,,llc agreement,,http://www.myllcagreement.com/,1,8/12/2009,,N/A
121643,Christina Aguilera Pictures & Lyrics,$7.50 ,http://www.christina-aguilera-pictures-lyrics.com/,,llc agreement,,http://www.myllcagreement.com/,1,8/12/2009,,N/A
121643,Ayala Malls Online,$7.50 ,http://www.myayalamalls.com,,llc agreement,,http://www.myllcagreement.com/,1,8/12/2009,,N/A
121643,Grappling-Core.com,$7.50 ,http://grappling-core.com,,llc agreement,,http://www.myllcagreement.com/,1,8/12/2009,,N/A
121643,Laptops  netbooks  notebook computers,$7.50 ,http://www.smart-shop.com/computers--software/laptops/,,llc operating agreement,,http://www.myllcagreement.com/,1,8/13/2009,,N/A
121643,IGFly.com,$7.50 ,http://www.igfly.com,,llc operating agreement,,http://www.myllcagreement.com/,1,8/12/2009,,N/A
121643,Affordable Rooms Summer Holiday Packages,$7.50 ,http://www.dubainovahotel.com,,llc operating agreement,,http://www.myllcagreement.com/,1,8/12/2009,,N/A
121643,Fun online games with prizes.,$7.50 ,http://www.prizeroom.com/PrizeRoom/Welcome.do,,llc operating agreement,,http://www.myllcagreement.com/,1,8/13/2009,,N/A
121643,My Family Kitchen,$7.50 ,http://www.myfamilykitchen.com,,llc operating agreement,,http://www.myllcagreement.com/,1,8/12/2009,,N/A
121643,Music Videos,$7.50 ,http://spizzazzz.blogspot.com,,llc operating agreement,,http://www.myllcagreement.com/,5,8/12/2009,,N/A
121643,Top HD Photos Wallpapers Pictures,$7.50 ,http://www.tophdwallpapers.com,,llc operating agreement,,http://www.myllcagreement.com/,600,8/12/2009,,N/A
121643,Pics of Trees,$7.50 ,http://picsoftrees.com,,llc operating agreement,,http://www.myllcagreement.com/,1,8/12/2009,,N/A
121646,The cars FAIL blog,$7.50 ,http://carfail.com/,,Boston Lawyers,,http://bostonlawyers.net/,1,8/12/2009,,N/A
121646,Free Iphone Stuff,$7.50 ,http://freeiphonestuff.net,,Boston Lawyers,,http://bostonlawyers.net/,500,8/13/2009,,N/A
121646,gogulski.com,$7.50 ,http://www.gogulski.com/,,Boston Lawyers,,http://bostonlawyers.net/,8,8/12/2009,,N/A
121646,The Grandmaster`s Club,$7.20 ,http://www.grossclub.com,,Boston Lawyers,,http://bostonlawyers.net/,7,8/12/2009,,N/A
121716,Adsense Templates,$7.50 ,http://adsense-day.blogspot.com,,boston oui lawyer,,http://www.bostonlawyers.net/oui_dui_dwi_boston_lawyer.asp,1,8/13/2009,,N/A
121716,Baseball Guide,$7.50 ,http://baseballblog.blogspot.com/,,boston oui lawyer,,http://www.bostonlawyers.net/oui_dui_dwi_boston_lawyer.asp,90,8/13/2009,,N/A
121716,Coffee competition: Starbucks or Caribou,$7.50 ,http://www.gerakasae.com/coffee-competition-starbucks-or-caribou.html,,boston oui lawyer,,http://www.bostonlawyers.net/oui_dui_dwi_boston_lawyer.asp,1,8/13/2009,,N/A
121716,Wine Directory Shop,$7.50 ,http://www.winedirectory.org/shop/,,boston oui lawyer,,http://www.bostonlawyers.net/oui_dui_dwi_boston_lawyer.asp,30,8/13/2009,,N/A
121716,AJAX Linktracker,$7.50 ,http://utilitees.silenz.org/index.php/addons/software/ajax-linktracker/,,boston oui lawyer,,http://www.bostonlawyers.net/oui_dui_dwi_boston_lawyer.asp,1,8/13/2009,,N/A
121716,Thom Yorke of Radiohead,$11.25 ,http://www.thom-yorke.info,,boston oui lawyer,,http://www.bostonlawyers.net/oui_dui_dwi_boston_lawyer.asp,7,8/13/2009,,N/A
121716,Web 2.0 That Works in the Classroom,$11.25 ,http://web2thatworks.com/index.php?title=Main_Page,,boston oui lawyer,,http://www.bostonlawyers.net/oui_dui_dwi_boston_lawyer.asp,100,8/13/2009,,N/A
121717,Alex,$11.25 ,http://www.alexsdbzrpg.com,,chicago criminal lawyer,,http://www.sheplawchicago.com,1,8/13/2009,,N/A
121717,Central Luzon Local Search,$11.25 ,http://www.centralluzon.com,,chicago criminal lawyer,,http://www.sheplawchicago.com,1,8/13/2009,,N/A
121717,adrianbruce.com,$11.25 ,http://www.adrianbruce.com/reading/games.htm,,chicago criminal lawyer,,http://www.sheplawchicago.com,1,8/14/2009,,N/A
121717,Scary Azeri in Suburb,$11.25 ,http://scaryazeri.blogspot.com,,chicago criminal lawyer,,http://www.sheplawchicago.com,10,8/14/2009,,N/A
121717,Debashish Chakrabarty: Home Page,$11.25 ,http://www.debashish.com,,chicago criminal lawyer,,http://www.sheplawchicago.com,5,8/13/2009,,N/A
121717,Global Warming And The Environment,$11.25 ,http://www.acclac.org,,chicago criminal lawyer,,http://www.sheplawchicago.com,1,8/13/2009,,N/A
121717,Web Directory,$11.25 ,http://www.yfpd.org,,chicago criminal lawyer,,http://www.sheplawchicago.com,1,8/13/2009,,N/A
121717,Team Sports Links,$11.25 ,http://www.aenwebsites.com/tsl/,,chicago criminal lawyer,,http://www.sheplawchicago.com,1,8/13/2009,,N/A
121717,Director MX Blog,$11.25 ,http://btartar.blogspot.com/,,chicago criminal lawyer,,http://www.sheplawchicago.com,23,8/13/2009,,N/A
121717,SMS and Ringtone Blog,$11.25 ,http://jerolson.blogspot.com/,,chicago criminal lawyer,,http://www.sheplawchicago.com,5,8/13/2009,,N/A
121717,Your Guide to Home Improvement,$11.25 ,http://www.energystarlightbulb.net/,,chicago criminal lawyer,,http://www.sheplawchicago.com,110,8/13/2009,,N/A
121719,Convert km to miles,$11.25 ,http://convertkmtomiles.com,,chicago criminal lawyer,,http://www.sheplawchicago.com,1,8/13/2009,,N/A
121719,Funny domain names,$11.25 ,http://www.funnydomainnames.com/,,chicago criminal lawyer,,http://www.sheplawchicago.com,3000,8/14/2009,,N/A
121719,Berks.TV Internet TV,$11.25 ,http://www.berks.tv,,chicago criminal lawyer,,http://www.sheplawchicago.com,100,8/14/2009,,N/A
121719,CybersRacing,$11.25 ,http://www.cybersracing.com,,chicago criminal lawyer,,http://www.sheplawchicago.com,100,8/13/2009,,N/A
121720,Conversations with Writers,$11.25 ,http://conversationswithwriters.blogspot.com/,,new york gynecologist,,http://www.idealbalance.org,100,8/13/2009,,N/A
121720,2006 Overview,$11.25 ,http://www.2006timeline.info,,new york gynecologist,,http://www.idealbalance.org,160,8/13/2009,,N/A
121720,Messquoted,$11.25 ,http://www.messquoted.com,,new york gynecologist,,http://www.idealbalance.org,300,8/13/2009,,N/A
121815,Alex,$11.25 ,http://www.alexsdbzrpg.com,,dress up,,http://www.cartoondollemporium.com,1,8/14/2009,,N/A
121815,AJAX Linktracker,$7.50 ,http://utilitees.silenz.org/index.php/addons/software/ajax-linktracker/,,webkinz,,http://www.cartoondollemporium.com/webkinz.html,1,8/14/2009,,N/A
121816,Coffee competition: Starbucks or Caribou,$7.50 ,http://www.gerakasae.com/coffee-competition-starbucks-or-caribou.html,,evan bailyn,,http://abcnews.go.com/Video/playerIndex?id=2905301,1,8/14/2009,,N/A
121816,Christina Aguilera Pictures & Lyrics,$7.50 ,http://www.christina-aguilera-pictures-lyrics.com/,,evan bailyn,,http://www.nytimes.com/2007/06/06/technology/06doll.html,1,8/14/2009,,N/A
121816,Wine Directory Shop,$7.50 ,http://www.winedirectory.org/shop/,,evan bailyn,,http://www.nytimes.com/2007/06/06/technology/06doll.html,30,8/14/2009,,N/A
121816,Adsense Templates,$7.50 ,http://adsense-day.blogspot.com,,orange county criminal defense attorney,,http://www.cmcdefense.com,1,8/14/2009,,N/A
121816,Grappling-Core.com,$7.50 ,http://grappling-core.com,,newel post,,http://www.buystairparts.com,1,8/14/2009,,N/A
121816,Buy  Sell or Rent a Car,$7.50 ,http://www.theleadership.net/Car-auctions/Car-auctions-brisbane/,,evan bailyn,,http://abcnews.go.com/Video/playerIndex?id=2905301,1,8/18/2009,,N/A
121817,Scary Azeri in Suburb,$11.25 ,http://scaryazeri.blogspot.com,,personal injury attorney nyc,,http://www.finzfirm.com/,10,8/14/2009,,N/A
121817,Global Warming And The Environment,$11.25 ,http://www.acclac.org,,personal injury attorney nyc,,http://www.finzfirm.com/,1,8/14/2009,,N/A
121817,Team Sports Links,$11.25 ,http://www.aenwebsites.com/tsl/,,personal injury attorney nyc,,http://www.finzfirm.com/,1,8/14/2009,,N/A
121817,Debashish Chakrabarty: Home Page,$11.25 ,http://www.debashish.com,,personal injury attorney nyc,,http://www.finzfirm.com/,5,8/14/2009,,N/A
121817,Online Content Providers and Resources,$7.50 ,http://www.subscr.com,,personal injury lawyer new york,,http://www.finzfirm.com/,1,8/14/2009,,N/A
121817,Web Directory,$11.25 ,http://www.yfpd.org,,personal injury lawyer new york,,http://www.finzfirm.com/,1,8/14/2009,,N/A
121817,Director MX Blog,$11.25 ,http://btartar.blogspot.com/,,new york accident lawyer,,http://www.finzfirm.com/accidents/,23,8/14/2009,,N/A
121817,SMS and Ringtone Blog,$11.25 ,http://jerolson.blogspot.com/,,new york accident lawyer,,http://www.finzfirm.com/accidents/,5,8/14/2009,,N/A
121817,Make Money Online Blog,$7.50 ,http://bojack.blogspot.com/,,sell cell phone,,http://www.yourenew.com,10,8/14/2009,,N/A
121819,Human Future,$11.25 ,http://www.humansfuture.org/future_the_future_central.php.htm,,new york accident lawyer,,http://www.finzfirm.com/accidents/,1,8/14/2009,,N/A
121820,Thom Yorke of Radiohead,$11.25 ,http://www.thom-yorke.info,,office cleaning nyc,,http://www.majikservices.com,7,8/14/2009,,N/A
121820,nostate.com,$7.50 ,http://www.nostate.com/,,form llc,,http://www.formllcdirect.com,1,8/14/2009,,N/A
121820,Central Luzon Local Search,$11.25 ,http://www.centralluzon.com,,office cleaning nyc,,http://www.majikservices.com,1,8/14/2009,,N/A
121820,Web 2.0 That Works in the Classroom,$11.25 ,http://web2thatworks.com/index.php?title=Main_Page,,office cleaning nyc,,http://www.majikservices.com,100,8/14/2009,,N/A
121820,Napa Valley California Vacation Guide,$7.50 ,http://napacountyguide.com,,office cleaning nyc,,http://www.majikservices.com,1,8/18/2009,,N/A
121820,Indiescreet,$7.50 ,http://www.indiescreet.com,,form llc,,http://www.formllcdirect.com,1,8/18/2009,,N/A
121821,Your Guide to Home Improvement,$11.25 ,http://www.energystarlightbulb.net/,,forming llc,,http://www.formllcdirect.com,110,8/14/2009,,N/A
121822,IGFly.com,$7.50 ,http://www.igfly.com,,orange county divorce attorney,,http://www.pinkhamlaw.com,1,8/14/2009,,N/A
121822,Laptops  netbooks  notebook computers,$7.50 ,http://www.smart-shop.com/computers--software/laptops/,,orange county divorce mediation,,http://www.pinkhamlaw.com,1,8/16/2009,,N/A
121823,techBB - Powered by vBulletin,$7.50 ,http://www.1fang.net,,llc agreement,,http://www.myllcagreement.com/,1,8/14/2009,,N/A
121823,Outdoorla,$7.50 ,http://outdoorla.org,,westchester financial,,http://www.gaylelob.com,1,8/14/2009,,N/A
121823,Space technology  Star wars,$7.50 ,http://www.buran-energia.com/polious/polious-desc.php,,westchester financial,,http://www.gaylelob.com,1,8/14/2009,,N/A
121823,The Fantasy Football Geek Blog,$11.25 ,http://www.ffgeekblog.com/,,web design companies,,http://www.intellixmedia.com,100,8/14/2009,,N/A
122094,Wine Directory Shop,$7.50 ,http://www.winedirectory.org/shop/,,llc operating agreement,,http://www.myllcagreement.com/,30,8/18/2009,,N/A
122095,Web 2.0 Design Validation,$12.00 ,http://www.webdesignvalidation.com/,,tummy tuck houston,,http://www.parsplasticsurgery.com,1,8/18/2009,,N/A
122220,Indonesia Maps,$12.00 ,http://www.nusaland.com,,Boston Lawyers,,http://bostonlawyers.net/,1,8/19/2009,,N/A
122220,Crossword Cheats,$12.00 ,http://www.crosswordcheats.com/,,orange county family law lawyer,,http://www.pinkhamlaw.com,1,8/19/2009,,N/A
122220,BannerBuild,$12.00 ,http://www.bannerbuild.com,,boston oui lawyer,,http://www.bostonlawyers.net/oui_dui_dwi_boston_lawyer.asp,1,8/19/2009,,N/A
122222,Everything Andropause,$12.00 ,http://www.everythingandropause.com,,personal injury lawyer new york,,http://www.finzfirm.com/,1,8/19/2009,,N/A
122223,The Largest Minority,$12.00 ,http://www.jwharrison.com/blog/,,form llc,,http://www.formllcdirect.com,3,8/19/2009,,N/A
122225,360Guide,$12.00 ,http://360guide.info,,forming llc,,http://www.formllcdirect.com,1,8/19/2009,,N/A
122225,Pics of Trees,$7.50 ,http://picsoftrees.com,,forming llc,,http://www.formllcdirect.com,1,8/19/2009,,N/A
122226,Web hosting and Domain Registration,$12.00 ,http://www.hybriddomains.net,,llc operating agreement,,http://www.myllcagreement.com/,1,8/20/2009,,N/A
122226,Book Online resources  IELTs  TOFEL,$12.00 ,http://www.abookdirectory.com/,,llc operating agreement,,http://www.myllcagreement.com/,1,8/20/2009,,N/A
122227,Easy Recipes Blog,$14.40 ,http://www.recipeswizard.com/,,tummy tuck houston,,http://www.parsplasticsurgery.com,80,8/20/2009,,N/A
122228,Debashish Chakrabarty: Home Page,$11.25 ,http://www.debashish.com,,orange county divorce mediation,,http://www.pinkhamlaw.com,5,8/20/2009,,N/A
122229,Chindren,$14.40 ,http://www.kidsafedirectory.com,,401k rollover westchester,,http://www.gaylelob.com,1,8/20/2009,,N/A
122229,Central Luzon Local Search,$11.25 ,http://www.centralluzon.com,,westchester financial,,http://www.gaylelob.com,1,8/19/2009,,N/A
122229,Find an ISP  DSL  Service Provider,$12.00 ,http://www.findisps.com,,web design companies,,http://www.intellixmedia.com,1,8/19/2009,,N/A
122310,Web Design Work,$11.25 ,http://www.galeonwebdesign.com/our-work.php,,Engagement Rings New York,,http://www.greenwichjewelers.com,1,8/20/2009,,N/A
122310,A1 Free Games,$11.25 ,http://www.A1FreeGames.com,,pr firms new york,,http://www.dm-pr.com,1,8/20/2009,,N/A
122310,Airsoft Gun Forum,$11.25 ,http://www.nite-site.com/,,New York Podiatrists,,http://www.healingfeet.com/,1,8/20/2009,,N/A
122310,Animation Web Directory,$11.25 ,http://www.clickanimation.com,,Orange County Divorce Mediation,,http://www.pinkhamlaw.com,1,8/21/2009,,N/A
122310,Blackmans Bay District Cricket Club,$11.25 ,http://bbdcc.com,,Sell Cell Phone,,http://www.yourenew.com,1,8/20/2009,,N/A
122310,Bush Country Ketchup,$11.25 ,http://www.bushcountryketchup.com/,,NY Accident Attorney,,http://www.finzfirm.com/accidents/,1,8/20/2009,,N/A
122310,Dedicate for researching Drupal & tools,$11.25 ,http://drupal.ongetc.com,,Stair Railing,,http://www.buystairparts.com/ ,50,8/20/2009,,N/A
122310,Downtown Johnson City  TN,$11.25 ,http://www.downtownjc.org/,,Boston Lawyers,,http://www.bostonlawyers.net/,1,8/20/2009,,N/A
122310,Easy As My PC,$11.25 ,http://www.easyasmypc.com,,Orange County Divorce Attorney,,http://www.pinkhamlaw.com,1,8/20/2009,,N/A
122310,Free Games Giant,$11.25 ,http://www.freegamesgiant.com,,pr firms new york,,http://www.dm-pr.com,1,8/20/2009,,N/A
122310,Free Online Golf Games,$11.25 ,http://www.netgolfgames.com,,pr firms new york,,http://www.dm-pr.com,30,8/20/2009,,N/A
122310,Freelance Web Design,$11.25 ,http://www.jamisonbanham.com,,pr firms new york,,http://www.dm-pr.com,1,8/20/2009,,N/A
122310,Graduate Games,$11.25 ,http://www.graduategames.com/index.php,,pr firms new york,,http://www.dm-pr.com,20,8/20/2009,,N/A
122310,Hamster website and forum,$11.25 ,http://www.hamsterhouse.com,,pr firms new york,,http://www.dm-pr.com,1,8/20/2009,,N/A
122310,Helgihelgi Graphic Design,$11.25 ,http://helgihelgi.com/,,top pr firms,,http://www.dm-pr.com,1,8/21/2009,,N/A
122310,PianoChordFinder.Org,$11.25 ,http://www.pianochordfinder.org/,,pr firms new york,,http://www.dm-pr.com,5,8/20/2009,,N/A
122310,pillowfactory.org,$11.25 ,http://pillowfactory.org,,pr firms new york,,http://www.dm-pr.com,1,8/20/2009,,N/A
122310,Radio Control Models,$11.25 ,http://greatmodeldeals.com,,pr firms new york,,http://www.dm-pr.com,1,8/20/2009,,N/A
122310,Reader2,$11.25 ,http://reader2.com,,pr firms new york,,http://www.dm-pr.com,1,8/20/2009,,N/A
122310,Reptilesites  Articles  Forum and Blog.,$11.25 ,http://www.reptilesites.com,,top pr firms,,http://www.dm-pr.com,1,8/20/2009,,N/A
122310,Sandcrawler.com,$11.25 ,http://www.sandcrawler.com/,,top pr firms,,http://www.dm-pr.com,1,8/20/2009,,N/A
122311,Sharing Cisco experiences and knowledge,$11.25 ,http://www.cisconet.com,,top pr firms,,http://www.dm-pr.com,350,8/20/2009,,N/A
122379,Speed Maths,$11.25 ,http://www.speed-maths.com,,office space nyc,,http://www.hunterorg.com,1,8/21/2009,,N/A
122379,Web Hosting network,$11.25 ,http://www.stormpages.com/support/,,office space nyc,,http://www.hunterorg.com,1,8/21/2009,,N/A
122379,Stuff4Teaching,$11.25 ,http://www.stuff4teaching.com/news,,office space nyc,,http://www.hunterorg.com,1,8/21/2009,,N/A
122379,WordGamesCentral,$11.25 ,http://www.WordGamesCentral.com,,office space nyc,,http://www.hunterorg.com,1,8/21/2009,,N/A
122380,Museums and libraries of Turkey,$11.25 ,http://kelkithavzasikalkinmabirligi.org,,engagement rings new york,,http://www.greenwichjewelers.com,1,8/21/2009,,N/A
122380,Leisure Lab,$11.25 ,http://leisurelab.com/,,engagement rings new york,,http://www.greenwichjewelers.com,1,8/21/2009,,N/A
122380,LinuxTracker,$11.25 ,http://linuxtracker.org,,engagement rings new york,,http://www.greenwichjewelers.com,5,8/21/2009,,N/A
122380,Puscifer Music,$11.25 ,http://puscifermusic.com,,engagement rings new york,,http://www.greenwichjewelers.com,1,8/21/2009,,N/A
122380,Visit Sagada,$11.25 ,http://visitsagada.com,,engagement rings new york,,http://www.greenwichjewelers.com,1,8/21/2009,,N/A
122380,12robots.com,$7.50 ,http://www.12robots.com,,engagement rings new york,,http://www.greenwichjewelers.com,1,8/21/2009,,N/A
122380,Favorite Pets,$11.25 ,http://www.1webpolls.com/pets/index.php,,engagement rings new york,,http://www.greenwichjewelers.com,1,8/21/2009,,N/A
122380,Sketchup Tutorials,$11.25 ,http://www.architectionary.com/SketchupTutorials,,engagement rings new york,,http://www.greenwichjewelers.com,1,8/21/2009,,N/A
122380,Level World,$11.25 ,http://www.gerakasae.com/,,engagement rings new york,,http://www.greenwichjewelers.com,1,8/21/2009,,N/A
122380,History of Film  Film Makers,$11.25 ,http://www.kcwif.org,,engagement rings new york,,http://www.greenwichjewelers.com,1,8/21/2009,,N/A
122380,Stockholm Expat,$11.25 ,http://www.stockholmexpat.com,,engagement rings new york,,http://www.greenwichjewelers.com,1,8/26/2009,,N/A
122381,Chanh,$11.25 ,http://blog.ongetc.com,,engagement rings new york,,http://www.greenwichjewelers.com,100,8/21/2009,,N/A
122393,Thom Yorke of Radiohead,$11.25 ,http://www.thom-yorke.info,,personal injury lawyer new york,,http://www.finzfirm.com/,7,8/21/2009,,N/A
122393,Online Magazine Directory  News  E-zine,$11.25 ,http://www.magazineboard.com,,new york accident lawyer,,http://www.finzfirm.com/accidents/,1,8/22/2009,,N/A
122396,Nuke Reviews,$11.25 ,http://nuke-reviews.com,,evan bailyn,,http://www.nytimes.com/2007/06/06/technology/06doll.html,1,8/21/2009,,N/A
122573,Museums and libraries of Turkey,$11.25 ,http://kelkithavzasikalkinmabirligi.org,,office space nyc,,http://www.hunterorg.com,1,8/24/2009,,N/A
122573,Otaku Champloo,$11.25 ,http://www.punkednoodle.com/champloo/,,office space nyc,,http://www.hunterorg.com,1,8/24/2009,,N/A
122589,VetClick,$15.00 ,http://vetclick.com,,new york accident lawyer,,http://www.finzfirm.com/accidents/,1,8/26/2009,,N/A
122590,Popy Foods,$11.25 ,http://www.popyfoods.com,,engagement rings new york,,http://www.greenwichjewelers.com,200,8/25/2009,,N/A
122591,Travel and Tourism Directory,$15.00 ,http://www.traveltourismdirectory.com,,new york gynecologist,,http://www.idealbalance.org,1,8/26/2009,,N/A
122591,International Youth Theater Network,$11.25 ,http://www.iytn.org/,,new york gynecologist,,http://www.idealbalance.org,1,8/26/2009,,N/A
122592,Bittorrent Top Sites,$11.25 ,http://www.bittorrenttopsites.com,,forming llc,,http://www.formllcdirect.com,11200,8/26/2009,,N/A
122593,Beer Blog about Brewing,$11.25 ,http://www.rattlesnakemountainbrewing.com/,,evan bailyn,,http://www.nytimes.com/2007/06/06/technology/06doll.html,1,8/26/2009,,N/A
122632,Guitar Tablature Archive,$13.50 ,http://www.mytablature.com,,office cleaning nyc,,http://www.majikservices.com,1,8/25/2009,,N/A
123184,Dont Know It From Adam!,$15.00 ,http://www.dontknowitfromadam.com,,studley,,http://www.hunterorg.com/studley.htm,1,8/31/2009,,N/A
123184,Media Business Services directory,$15.00 ,http://www.mediapointds.com/news-agencies/government/,,studley,,http://www.hunterorg.com/studley.htm,1,8/31/2009,,N/A
123184,Purawisata - Best place to travel,$15.00 ,http://www.purawisata.com,,studley,,http://www.hunterorg.com/studley.htm,1,8/31/2009,,N/A
123184,TweetTrail,$15.00 ,http://www.tweettrail.com,,office space nyc,,http://www.hunterorg.com,1,8/31/2009,,N/A
123184,A little bit of what interests me,$7.50 ,http://blog.kukiel.net,,office space nyc,,http://www.hunterorg.com,1,8/31/2009,,N/A
123184,Alyson Hannigan Fansite,$15.00 ,http://www.hanniganfans.com,,office space nyc,,http://www.hunterorg.com,7,8/31/2009,,N/A
123184,Arid Ocean Nature Simulations,$13.50 ,http://aridocean.com,,office space nyc,,http://www.hunterorg.com,1,8/31/2009,,N/A
123186,bartendersguide.com,$13.50 ,http://www.bartendersguide.com,,engagement rings new york,,http://www.greenwichjewelers.com,1,8/31/2009,,N/A
123186,Big Webmaster Forum!,$15.00 ,http://www.bzimage.org,,engagement rings new york,,http://www.greenwichjewelers.com,1,8/31/2009,,N/A
123187,Caucasian Ecological-Community Center,$15.00 ,http://eco-commune.org/,,tummy tuck houston,,http://www.parsplasticsurgery.com,1,8/31/2009,,N/A
123187,Conspiracy LOL,$15.00 ,http://conspiracylol.com,,tummy tuck houston,,http://www.parsplasticsurgery.com,1,8/31/2009,,N/A
123187,Dansette,$15.00 ,http://dansette.com/,,tummy tuck houston,,http://www.parsplasticsurgery.com,1,8/31/2009,,N/A
123187,FreedomInTransit.org,$15.00 ,http://www.freedomintransit.org,,breast augmentation houston,,http://www.parsplasticsurgery.com,1,8/31/2009,,N/A
123229,hello! Food,$15.00 ,http://harofood.com/,,llc incorporation,,http://www.formllcdirect.com,5,8/31/2009,,N/A
123229,Harambee Institute,$13.50 ,http://www.harambeeinstitute.org,,llc incorporation,,http://www.formllcdirect.com,1,8/31/2009,,N/A
123229,Jewish Layout,$15.00 ,http://jewishlayout.com,,llc incorporation,,http://www.formllcdirect.com,1,8/31/2009,,N/A
123301,A little bit of what interests me,$7.50 ,http://blog.kukiel.net,,boston oui lawyer,,http://www.bostonlawyers.net/oui_dui_dwi_boston_lawyer.asp,1,9/1/2009,,N/A
123302,Purawisata - Best place to travel,$15.00 ,http://www.purawisata.com,,engagement rings new york,,http://www.greenwichjewelers.com,1,9/1/2009,,N/A
123302,Alyson Hannigan Fansite,$15.00 ,http://www.hanniganfans.com,,engagement rings new york,,http://www.greenwichjewelers.com,7,9/1/2009,,N/A
123303,Big Webmaster Forum!,$15.00 ,http://www.bzimage.org,,form llc,,http://www.formllcdirect.com,1,9/1/2009,,N/A
123304,Articles,$15.00 ,http://www.computeruser.com/articles/current_issue,,forming llc,,http://www.formllcdirect.com,25,9/1/2009,,N/A
123305,bartendersguide.com,$13.50 ,http://www.bartendersguide.com,,breast augmentation houston,,http://www.parsplasticsurgery.com/,1,9/1/2009,,N/A
123307,Dont Know It From Adam!,$15.00 ,http://www.dontknowitfromadam.com,,chicago criminal lawyer,,http://www.sheplawchicago.com,1,9/1/2009,,N/A
123340,Dont Know It From Adam!,$15.00 ,http://www.dontknowitfromadam.com,,operating agreement,,http://www.myllcagreement.com,1,9/1/2009,,N/A
123340,TweetTrail,$15.00 ,http://www.tweettrail.com,,operating agreement,,http://www.myllcagreement.com,1,9/2/2009,,N/A
123340,Anna Meenaghan Art,$15.00 ,http://annameenaghanart.com,,operating agreement,,http://www.myllcagreement.com,1,9/2/2009,,N/A
123340,FreedomInTransit.org,$15.00 ,http://www.freedomintransit.org,,operating agreement,,http://www.myllcagreement.com,1,9/1/2009,,N/A
123516,You may be interested in:,$13.50 ,http://www.journeyguy.com,,boston oui lawyer,,http://www.bostonlawyers.net/oui_dui_dwi_boston_lawyer.asp,1,9/3/2009,,N/A
123518,Guitar Tablature Archive,$13.50 ,http://www.mytablature.com,,office space nyc,,http://www.hunterorg.com,1,9/3/2009,,N/A
123518,Wild West Films,$13.50 ,http://filmswildwest.com,,office space nyc,,http://www.hunterorg.com,100,9/3/2009,,N/A
123518,Weather in Rome,$15.00 ,http://www.rome-weather.info,,office space nyc,,http://www.hunterorg.com,40,9/3/2009,,N/A
123518,World art glass,$11.25 ,http://www.worldartglass.com,,studley,,http://www.hunterorg.com/studley.htm,80,9/3/2009,,N/A
123520,History of Film  Film Makers,$11.25 ,http://www.kcwif.org,,llc operating agreement,,http://www.myllcagreement.com/,1,9/3/2009,,N/A
123520,Africa Travel Directory,$11.25 ,http://www.africawebdirectory.com,,llc operating agreement,,http://www.myllcagreement.com/,1,9/3/2009,,N/A
123521,WordGamesCentral,$11.25 ,http://www.WordGamesCentral.com,,top pr firms,,http://www.dm-pr.com,1,9/3/2009,,N/A
123522,autograph finder,$13.50 ,http://www.autographfinder.com,,tummy tuck houston,,http://www.parsplasticsurgery.com,1,9/3/2009,,N/A
124323,Ohio Sports Report,$15.00 ,http://ohiosportsreport.com,,webkinz,,http://www.cartoondollemporium.com/webkinz.html,8,9/14/2009,,N/A
124335,Stockholm Expat,$11.25 ,http://www.stockholmexpat.com,,boston lawyers,,http://www.bostonlawyers.net,1,9/15/2009,,N/A
124335,bartendersguide.com,$13.50 ,http://www.bartendersguide.com,,boston lawyers,,http://www.bostonlawyers.net,1,9/15/2009,,N/A
124335,Cosmetic & Hair care Products Directory,$15.00 ,http://www.trolei.net/bath-and-body/soap/,,diamond jewelry new york,,http://www.greenwichjewelers.com,1,9/15/2009,,N/A
124335,Alyson Hannigan Fansite,$15.00 ,http://www.hanniganfans.com,,web design companies,,http://www.intellixmedia.com/,7,9/15/2009,,N/A
124481,Ohio Sports Report,$15.00 ,http://ohiosportsreport.com,,engagement rings new york,,http://www.greenwichjewelers.com,8,9/16/2009,,N/A
124613,Free Iphone Stuff,$7.50 ,http://freeiphonestuff.net,,NY Personal Injury Attorney,,http://www.finzfirm.com/,500,9/18/2009,,N/A
124723,A Mommy Story,$11.25 ,http://amommystory.blogspot.com,,anti-aging doctor new york,,http://www.idealbalance.org,100,9/21/2009,,N/A
124723,Au Go Go Record Store & Label Website,$6.00 ,http://www.augogo.com/main.html,,anti-aging doctor new york,,http://www.idealbalance.org,1,9/21/2009,,N/A
124723,Blog of Cyber Brahma,$13.50 ,http://cyberbrahma.com/,,anti-aging doctor new york,,http://www.idealbalance.org,100,9/21/2009,,N/A
