Company_Id,Job ID,Job Position Name,Posted Date,Location,url
C0000193,JR00018575,Intermediate Wealth Financial Analyst,4/24/2019,"Waterloo, Ontario",
C0000193,JR00018363,Application Developer,4/24/2019,"North York, Ontario",
C0000193,JR00016065,Customer Relations Specialist (AdminPlus Department),4/24/2019,"Montreal, Quebec",
C0000193,JR00018703,Senior Analytics Consultant,4/24/2019,"Waterloo, Ontario, More...",
C0000193,JR00017591,Sales Coordinator,4/24/2019,"Toronto, Ontario",
C0000193,JR00016890,Director - Model Risk Governance,4/24/2019,"Toronto, Ontario, More...",
C0000193,JR00015246,Director - Advanced Analytics (Risk Management),4/24/2019,"Toronto, Ontario, More...",
C0000193,JR00016005,"Regional Director, Business Development, Group Retirement Services",4/24/2019,"Calgary, Alberta",
C0000193,JR00018338,"Director, Insurance Solutions Analytics & Research",4/24/2019,"Waterloo, Ontario",
C0000193,JR00014080,Wealth Sales Representative,4/24/2019,"Vancouver, British Columbia",
C0000193,JR00017030,Sr. Operations Manager,4/24/2019,"Waterloo, Ontario, More...",
C0000193,JR00017564,Vendor Strategy & Contract Analyst,4/24/2019,"North York, Ontario",
C0000193,JR00018275,"Administrative Assistant, Global Marketing",4/24/2019,"Toronto, Ontario",
C0000193,JR00015080,Case Associate,4/24/2019,"Montreal, Quebec",
C0000193,JR00018226,Disability Manager,4/24/2019,"Calgary, Alberta",
C0000193,JR00018519,Business Analyst,4/24/2019,"Toronto, Ontario, More...",
C0000193,JR00009630,"Audit Manager - Internal Audit, SLIM",4/24/2019,"Toronto, Ontario",
C0000193,JR00016399,Document Specialist,4/24/2019,"Waterloo, Ontario, More...",
C0000193,JR00018203,Application Analyst,4/24/2019,"Montreal, Quebec, More...",
C0000193,JR00017465,Financial Centre Administrator,4/24/2019,"Rivière Du Loup, Quebec",
C0000193,JR00017237,Group Digital Enrolment Specialist,4/24/2019,"Montreal, Quebec, More...",
C0000193,JR00018148,Bilingual Individual Underwriter,4/24/2019,"Montreal, Quebec, More...",
C0000193,JR00016899,Bilingual (French/English) Senior Proposal Specialist,4/24/2019,"Toronto, Ontario, More...",
C0000193,JR00018527,"Head of Strategic Planning and Portfolio Management, Asia",4/24/2019,"Taikoo Shing, Hong Kong Island",
C0000193,JR00017922,Senior Actuarial Associate,4/24/2019,"Toronto, Ontario",
C0000193,JR00015269,"AVP, Corporate Strategy",4/24/2019,"Toronto, Ontario",
C0000193,JR00017506,"Manager, HNW Underwriting",4/24/2019,"Tsim Sha Tsui, Kowloon",
C0000193,JR00017903,"Manager, Internal Audit",4/23/2019,"Toronto, Ontario",
C0000193,JR00017381,Business Systems Analyst,4/23/2019,"North York, Ontario, More...",
C0000193,JR00016989,"Marketing Consultant, Social Media",4/23/2019,"Waterloo, Ontario",
C0000193,JR00016014,Manager - Workforce Planning and Forecasting,4/23/2019,"Waterloo, Ontario, More...",
C0000193,JR00018273,Senior Administrative Assistant  - Finance & Actuarial,4/23/2019,"Wellesley Hills, Massachusetts",
C0000193,JR00018736,Financial Services Career Seminar - Durham Financial Centre (FC 43),4/23/2019,"Pickering, Ontario",
C0000193,JR00017246,Senior Sales Content Specialist,4/23/2019,"Montreal, Quebec",
C0000193,JR00012797,"Director, Regulatory Management & Privacy",4/23/2019,"Toronto, Ontario, More...",
C0000193,JR00013077,"Director, Account Delivery, Dealer Solutions",4/23/2019,"Waterloo, Ontario",
C0000193,JR00018149,Wealth Sales Coordinator,4/23/2019,"Montreal, Quebec",
C0000193,JR00015111,Business Data Engineer/Data Specialist,4/23/2019,"Toronto, Ontario, More...",
C0000193,JR00015557,Quality Analyst,4/23/2019,"Waterloo, Ontario, More...",
C0000193,JR00016926,Systems Administrator,4/23/2019,"North York, Ontario, More...",
C0000193,JR00018649,"Senior Executive Administrative Assistant, President of Sun Life Investment Management",4/23/2019,"Wellesley Hills, Massachusetts",
C0000193,JR00016205,Implementation Consultant,4/23/2019,"Boston, Massachusettes",
C0000193,JR00018704,Financial Services Career Seminar - Barrie-Simcoe-Muskoka Financial Centre (FC 29),4/23/2019,"Barrie, Ontario",
C0000193,JR00017729,Digital Mail Services Administrator,4/23/2019,"Waterloo, Ontario",
C0000193,JR00017534,Project Manager,4/23/2019,"Gurgaon, Haryana",
C0000193,JR00018231,Compliance Officer,4/23/2019,"Tsim Sha Tsui, Kowloon",
C0000193,JR00018562,"Senior Officer, Agency Promotion",4/23/2019,"Tsim Sha Tsui, Kowloon",
C0000193,JR00014441,Program Director,4/23/2019,"Taikoo Shing, Hong Kong Island",
C0000193,JR00018494,IFRS17 Product Actuary,4/23/2019,"Taikoo Shing, Hong Kong Island",
C0000193,JR00015589,"Manager, IT Audit",4/22/2019,"Toronto, Ontario",
C0000193,JR00018330,"Manager, Corporate Communications",4/22/2019,"Toronto, Ontario",
C0000193,JR00018277,"Director, Commercial Mortgages",4/22/2019,"Toronto, Ontario",
C0000193,JR00017699,AVP Corporate Underwriting . Claims Risk Management,4/22/2019,"Toronto, Ontario, More...",
C0000193,JR00018470,"Associate Director, Commercial Mortgages",4/22/2019,"Vancouver, British Columbia",
C0000193,JR00018361,Contracting & Licensing Associate,4/22/2019,"Montreal, Quebec",
C0000193,JR00018336,Commission and Payroll Administration Support,4/22/2019,"Montreal, Quebec",
C0000193,JR00018553,"Associate Director, Commercial Mortgages",4/22/2019,"Toronto, Ontario",
C0000193,JR00013336,Standards & Governance Support Specialist,4/22/2019,"Waterloo, Ontario, More...",
C0000193,JR00012241,Business Analyst,4/22/2019,"Waterloo, Ontario, More...",
C0000193,JR00017005,"AVP, Investment Tax",4/22/2019,"Toronto, Ontario",
C0000193,JR00017777,Disability Case Manager,4/22/2019,"Calgary, Alberta",
C0000193,JR00018350,"Director, Human Resources Business Partner",4/22/2019,"Toronto, Ontario, More...",
C0000193,JR00017466,Disability Case Manager,4/22/2019,"Edmonton, Alberta",
C0000193,JR00018393,"Director, Human Resources Business Partner",4/22/2019,"Toronto, Ontario, More...",
C0000193,JR00012684,Pega Senior Business Consultant,4/22/2019,"Waterloo, Ontario, More...",
C0000193,JR00018019,Group Admin Associate,4/22/2019,"Taguig City, National Capital Region (Manila)",
C0000193,JR00017978,Senior Oracle Database Analyst,4/19/2019,"North York, Ontario, More...",
C0000193,JR00018462,Employee Expense Support Agent,4/19/2019,"Waterford, Waterford, Ireland",
C0000193,JR00017774,Business Development Manager,4/18/2019,"Toronto, Ontario",
C0000193,JR00014528,Client Relationship Executive - Dallas,4/18/2019,"Dallas, TX Group Sales Office (007)",
C0000193,JR00017375,Cloud Solutions Analyst,4/18/2019,"Waterford, Waterford, Ireland",
C0000193,JR00018460,"VP, Distribution Solutions",4/18/2019,"Waterloo, Ontario, More...",
C0000193,JR00014430,Client Service Administrator,4/18/2019,"Montreal, Quebec",
C0000193,JR00018054,Leads Coordinator,4/18/2019,"Waterloo, Ontario",
C0000193,JR00018502,Senior Accounts Clerk / Assistant Accounts Officer,4/18/2019,"Tsim Sha Tsui, Kowloon",
C0000193,JR00018051,Data Engineer,4/17/2019,"Waterloo, Ontario",
C0000193,JR00017697,Business Data Engineer,4/17/2019,"Toronto, Ontario",
C0000193,JR00018252,Performance Measurement Analyst,4/17/2019,"Toronto, Ontario, More...",
C0000193,JR00009163,Future Opportunities (Bilingual),4/17/2019,"Waterloo, Ontario, More...",
C0000193,JR00018269,"Marketing  Consultant, National Marketing Programs",4/17/2019,"Waterloo, Ontario",
C0000193,JR00017998,"Assistant Vice-President, Product and Solutions, Group Benefits",4/17/2019,"Toronto, Ontario, More...",
C0000193,JR00018588,Financial Services Career Seminar - Nova Scotia West Financial Centre (FC  56),4/17/2019,"Halifax, Nova Scotia",
C0000193,JR00015792,Technical Consultant,4/17/2019,"Waterloo, Ontario, More...",
C0000193,JR00017452,Senior Process improvement Consultant,4/17/2019,"Waterloo, Ontario",
C0000193,JR00018254,"Manager, Inside Sales",4/17/2019,"Toronto, Ontario",
C0000193,JR00018493,"Manager/Senior Manager, Product Proposition",4/17/2019,"Tsim Sha Tsui, Kowloon",
C0000193,JR00017797,"Bilingual Client Services Representative, Investment Funds",4/16/2019,"Montreal, Quebec",
C0000193,JR00002711,Delivery Director - Digital Assistant Technologies,4/16/2019,"North York, Ontario, More...",
C0000193,JR00017656,Senior User Experience Architect,4/16/2019,"Toronto, Ontario, More...",
C0000193,JR00017550,Financial Centre Technology Trainer,4/16/2019,"Edmonton, Alberta",
C0000193,JR00018193,"Senior Financial Analyst, Expense Gap Management",4/16/2019,"Waterloo, Ontario",
C0000193,JR00016124,Writer – User Experience,4/16/2019,"Waterloo, Ontario",
C0000193,JR00018388,Assistant Actuarial Manager,4/17/2019,"Tsim Sha Tsui, Kowloon",
C0000193,JR00018356,Junior Facilities Manager,4/16/2019,"Waterloo, Ontario",
C0000193,JR00016966,"Assistant Officer, TPA Operations",4/17/2019,"Hunghom, Kowloon",
C0000193,JR00018212,Group Underwriter,4/16/2019,"Calgary, Alberta",
C0000193,JR00018123,Client Care Representative,4/16/2019,"Waterloo, Ontario",
C0000193,JR00017820,Executive Assistant,4/16/2019,"Toronto, Ontario",
C0000193,JR00018137,Team Leader - Dealer Operations,4/16/2019,"Waterloo, Ontario",
C0000193,JR00017810,IT Practise Manager (Process and Methodology),4/16/2019,"Waterloo, Ontario, More...",
C0000193,JR00008821,Strategic Initiatives Manager,4/16/2019,"Taguig City, National Capital Region (Manila)",
C0000193,JR00018260,Sun Advantage Service Rep,4/16/2019,"Edmonton, Alberta",
C0000193,JR00018488,"Officer, Testing and Integration",4/16/2019,"Hunghom, Kowloon",
C0000193,JR00018323,"Manager, Testing and Integration",4/16/2019,"Hunghom, Kowloon",
C0000193,JR00018233,"AVP,  Head of Agency Training Curriculum",4/16/2019,"Jakarta Selatan, Jakarta Raya",
C0000193,JR00017782,"Manager, Risk Management, Asia",4/16/2019,"Taikoo Shing, Hong Kong Island",
C0000193,JR00013398,Director of Advanced Planning,4/15/2019,"Montreal, Quebec",
C0000193,JR00016074,Advisor Recruitment Consultant,4/15/2019,"Scarborough, Ontario",
C0000193,JR00017073,"Manager, Dealer Compliance",4/15/2019,"Waterloo, Ontario, More...",
C0000193,JR00018340,"AVP, Canadian and International Corporate Tax",4/15/2019,"Toronto, Ontario, More...",
C0000193,JR00018196,Experienced Life or Critical Illness Underwriter,4/15/2019,"Waterloo, Ontario, More...",
C0000193,JR00018050,Image Services Coordinator,4/15/2019,"Waterloo, Ontario",
C0000193,JR00017845,"Data Scientist, Advanced Analytics",4/15/2019,"Wellesley Hills, Massachusetts",
C0000193,JR00016531,(Pega) Application Analyst,4/15/2019,"Waterloo, Ontario, More...",
C0000193,JR00015845,(Pega) Application Designer,4/15/2019,"Waterloo, Ontario, More...",
C0000193,JR00013974,"Director, Investment Risk",4/15/2019,"Toronto, Ontario, More...",
C0000193,JR00016580,GB Implementation Specialist,4/15/2019,"Montreal, Quebec",
C0000193,JR00017794,UI Designer,4/15/2019,"Wellesley Hills, Massachusetts, More...",
C0000193,JR00014013,Senior Clinical Risk Consultant,4/15/2019,"Sun Life Financial Wellesley, More...",
C0000193,JR00017678,"Manager, Finance Projects",4/15/2019,"Tsim Sha Tsui, Kowloon",
C0000193,JR00018446,"Assistant Training Manager, Learning & Development",4/15/2019,"Hunghom, Kowloon",
C0000193,JR00018181,"Associate Director, Agency Recruitment and Development",4/15/2019,"Tsim Sha Tsui, Kowloon",
C0000193,JR00017675,"Senior Officer, Sales Personnel",4/15/2019,"Tsim Sha Tsui, Kowloon",
C0000193,JR00015334,Analyst 1,4/15/2019,"Taguig City, National Capital Region (Manila)",
C0000193,JR00017468,Risk Specialist 1,4/14/2019,"Taguig City, National Capital Region (Manila)",
C0000193,JR00018385,Agency Benefits Associate ( Casual),4/14/2019,"Taguig City, National Capital Region (Manila)",
C0000193,JR00018223,"Manager, Compliance (Client Solutions)",4/12/2019,"Toronto, Ontario, More...",
C0000193,JR00017406,Regulatory & Compliance Analyst,4/12/2019,"Wellesley Hills, Massachusetts",
C0000193,JR00018095,Collating Services Representative,4/12/2019,"Waterloo, Ontario",
C0000193,JR00017755,"Director,  Strategy Implementation, Sustainability",4/12/2019,"Toronto, Ontario, More...",
C0000193,JR00017394,Client Engagement Specialist,4/12/2019,"Toronto, Ontario, More...",
C0000193,JR00018180,In Organic Recruitment Manager,4/12/2019,"Jakarta Selatan, Jakarta Raya",
C0000193,JR00015774,Marketing Automation Specialist,4/11/2019,"Waterloo, Ontario",
C0000193,JR00014638,Disability Case Manager,4/11/2019,"Vancouver, British Columbia",
C0000193,JR00017988,Billing Administrator,4/11/2019,"Montreal, Quebec",
C0000193,JR00017604,AVP STD Claims,4/11/2019,"Scarborough, Maine, More...",
C0000193,JR00016054,Best Practice Consultant,4/11/2019,"Waterloo, Ontario",
C0000193,JR00016078,Advisor Recruitment Consultant,4/11/2019,"Richmond Hill, Ontario",
C0000193,JR00016549,Disability & Absence Solutions Consultant,4/11/2019,"Scarborough, Maine, More...",
C0000193,JR00018003,"Case Specialist I, STD",4/11/2019,"Windsor, Connecticut",
C0000193,JR00018055,"Case Specialist 1, STD",4/11/2019,"Kansas City, Missouri",
C0000193,JR00018327,Senior Underwriter,4/11/2019,"Hunghom, Kowloon",
C0000193,JR00017602,Disability Claims Assistant,4/11/2019,"Waterloo, Ontario",
C0000193,SAL07939,"AVP, High Net Worth Life Insurance International Distribution",4/10/2019,"Hamilton, Bermuda",
C0000193,JR00017773,Dental Network Manager - North Florida,4/10/2019,"Tampa, Florida",
C0000193,JR00017483,Dental Network Manager - San Diego,4/10/2019,"San Diego, California",
C0000193,JR00016732,"Associate Director, Brighter Way Business Partner & Coach",4/10/2019,"Wellesley Hills, Massachusetts, More...",
C0000193,JR00017487,"Sr. Manager, LTD Claims",4/10/2019,"Scarborough, Maine, More...",
C0000193,JR00018197,Strategic Sourcing Contract Specialist - Corporate Procurement,4/10/2019,"Wellesley Hills, Massachusetts, More...",
C0000193,JR00018198,Strategic Sourcing Category Manager - Corporate Procurement,4/10/2019,"Wellesley Hills, Massachusetts, More...",
C0000193,JR00018022,Associate 2 (Group Administration),4/11/2019,"Taguig City, National Capital Region (Manila)",
C0000193,JR00018020,Associate 2 (Group Administration),4/11/2019,"Taguig City, National Capital Region (Manila)",
C0000193,JR00018118,Client Care Representative,4/10/2019,"Montreal, Quebec",
C0000193,JR00017633,Claims Administrator,4/10/2019,"South Portland, Maine",
C0000193,JR00017343,"Manager, Group Disability",4/10/2019,"Edmonton, Alberta",
C0000193,JR00016977,Small Business Sales Associate,4/10/2019,"Wellesley Hills, Massachusetts, More...",
C0000193,JR00018234,"Senior Specialist, BSA",4/10/2019,"Hunghom, Kowloon",
C0000193,JR00018091,"Senior Accounting Analyst, Investment Securities",4/9/2019,"Wellesley Hills, Massachusetts",
C0000193,JR00017962,"Case Specialist I, STD",4/9/2019,"Scarborough, Maine",
C0000193,JR00017721,"Associate Director, Model Development and Individual Life Analysis",4/9/2019,"Wellesley Hills, Massachusetts, More...",
C0000193,JR00017964,"Director, Central Actuarial",4/9/2019,"Wellesley Hills, Massachusetts, More...",
C0000193,JR00014362,"Manager, Investments Compliance",4/8/2019,"Toronto, Ontario",
C0000193,JR00014933,Associate Product Manager,4/8/2019,"Boston, Massachusettes",
C0000193,JR00014891,National Disability Support,4/8/2019,"Montreal, Quebec",
C0000193,JR00016199,Senior IT Project Manager,4/8/2019,"Waterloo, Ontario",
C0000193,JR00017940,NB Review Associates,4/8/2019,"Taguig City, National Capital Region (Manila)",
C0000193,JR00017894,Licensing Associate - Renewal,4/8/2019,"Taguig City, National Capital Region (Manila)",
C0000193,JR00018018,Treasury Analyst,4/7/2019,"Taguig City, National Capital Region (Manila)",
C0000193,JR00009584,"Bilingual Trainer, Learning and Development - Disability Team",4/5/2019,"Montreal, Quebec, More...",
C0000193,JR00017831,Senior Cloud Solutions Analyst,4/5/2019,"Waterford, Waterford, Ireland",
C0000193,JR00017576,ALM Analyst,4/5/2019,"Jakarta Selatan, Jakarta Raya",
C0000193,JR00015580,Management Development Specialist,4/5/2019,"Makati City, National Capital Region (Manila)",
C0000193,JR00009511,TKQ Manager,4/4/2019,"Taguig City, National Capital Region (Manila)",
C0000193,JR00016314,Talent Acquisition Specialist (CCC),4/4/2019,"Taguig City, National Capital Region (Manila)",
C0000193,JR00013187,Big Data Architect,4/3/2019,"North York, Ontario, More...",
C0000193,JR00010492,Big Data Developer,4/3/2019,"North York, Ontario, More...",
C0000193,JR00011769,Senior ETL Application Designer,4/3/2019,"North York, Ontario",
C0000193,JR00014393,Financial Services Consultant - Insurance - Future Opportunities,4/3/2019,"Toronto, Ontario",
C0000193,JR00017623,Technical Writer,4/3/2019,"Taguig City, National Capital Region (Manila)",
C0000193,JR00016858,Head of Absence Product Development & Management,4/3/2019,"Wellesley Hills, Massachusetts, More...",
C0000193,JR00017498,"Associate Director, Integrated Absence & STD Claims",4/3/2019,"South Portland, Maine",
C0000193,JR00017892,Training Specialist,4/3/2019,"Makati City, National Capital Region (Manila)",
C0000193,JR00017891,Group Life & Employee Marketing Associate,4/3/2019,"Taguig City, National Capital Region (Manila)",
C0000193,JR00017887,Shareholder/Admin Associate,4/3/2019,"Taguig City, National Capital Region (Manila)",
C0000193,JR00017890,Digital Learning Specialist,4/3/2019,"Taguig City, National Capital Region (Manila), More...",
C0000193,JR00010969,Underwriting Career Opportunities!,4/2/2019,"Waterloo, Ontario, More...",
C0000193,JR00014929,Senior Software Engineer - Front End,4/2/2019,"Boston, Massachusettes",
C0000193,JR00014927,Senior Software Engineer - Back End,4/2/2019,"Boston, Massachusettes",
C0000193,JR00017244,"Administrative Assistant, Group Insurance Administration",4/1/2019,"Hunghom, Kowloon",
C0000193,JR00017303,BE Program and Capability Development Analyst,4/1/2019,"Taguig City, National Capital Region (Manila)",
C0000193,JR00014936,Software Engineer Manager,3/29/2019,"Boston, Massachusettes",
C0000193,JR00017579,Claims Adjudicator / Claims consultant,3/29/2019,"Montreal, Quebec",
C0000193,JR00013922,Healthcare Economics Consultant,3/29/2019,"Windsor, Connecticut, More...",
C0000193,JR00017677,Senior Accountant,3/29/2019,"Tsim Sha Tsui, Kowloon",
C0000193,JR00017209,Senior Underwriting Consultant,3/28/2019,"South Portland, Maine",
C0000193,JR00017366,Senior Stop Loss Internal Sales Support Specialist - Distribution Leadership,3/28/2019,"Wellesley Hills, Massachusetts",
C0000193,JR00016715,Principle Consultant,3/28/2019,"Gurgaon, Haryana",
C0000193,JR00016959,"Manager, HNW & Case Management",3/28/2019,"Tsim Sha Tsui, Kowloon",
C0000193,JR00016515,Data Operations Specialist,3/27/2019,"Boston, Massachusettes",
C0000193,JR00009509,Delivery Manager,3/27/2019,"Gurgaon, Haryana",
C0000193,JR00017355,"Senior Manager, In Organic Recruitment - Agency Syariah",3/27/2019,"Jakarta Selatan, Jakarta Raya",
C0000193,JR00017354,"Senior Manager, Sales Development - Agency Syariah",3/27/2019,"Jakarta Selatan, Jakarta Raya",
C0000193,JR00017298,Actuarial Valuation,3/27/2019,"Jakarta Selatan, Jakarta Raya",
C0000193,JR00017292,"Director, BrighterGen Academy",3/26/2019,"Hunghom, Kowloon",
C0000193,JR00015387,Learning and Development Consultant,3/25/2019,"Hamilton, Bermuda",
C0000193,JR00017163,Senior Reinsurance Operations Analyst – Reinsurance Administration,3/25/2019,"Wellesley Hills, Massachusetts",
C0000193,JR00016277,Call Center Associate,3/25/2019,"Taguig City, National Capital Region (Manila)",
C0000193,JR00017526,Data Analyst,3/25/2019,"Jakarta Selatan, Jakarta Raya",
C0000193,JR00017017,Business Development Associate,3/25/2019,"Tsim Sha Tsui, Kowloon",
C0000193,JR00016886,"Sr. Case Manager I, LTD",3/25/2019,"Scarborough, Maine, More...",
C0000193,JR00017293,"Senior Manager, BrighterGen Academy",3/25/2019,"Hunghom, Kowloon",
C0000193,JR00016760,Regional Control Manager,3/25/2019,"Taguig City, National Capital Region (Manila)",
C0000193,JR00017052,Group Market Manager - Southern California,3/25/2019,"El Segundo, California",
C0000193,JR00016738,Business Analyst,3/25/2019,"South Portland, Maine",
C0000193,JR00016202,Quality Assurance Analyst,3/25/2019,"South Portland, Maine",
C0000193,JR00016339,Senior Strategic Account Manager (Marketing Program Manager),3/25/2019,"Kansas City, Missouri",
C0000193,JR00017007,"Manager, Business Insights & Analytics",3/25/2019,"Tsim Sha Tsui, Kowloon",
C0000193,JR00017152,Quantitative Junior Investment Analyst - Public Bonds,3/25/2019,"Wellesley Hills, Massachusetts",
C0000193,JR00017014,"Head of Finance, Asia",3/25/2019,"Taikoo Shing, Hong Kong Island",
C0000193,JR00017131,Quality Assurance Specialist,3/25/2019,"Taguig City, National Capital Region (Manila)",
C0000193,JR00016406,Technology Support Specialist I,3/25/2019,"Boston, Massachusettes",
C0000193,JR00016516,Technical Operations Consultant,3/25/2019,"Boston, Massachusettes",
C0000193,JR00016935,Technical Operations Specialist,3/25/2019,Maxwell Health Boston,
C0000193,JR00016958,Senior Secretary,3/25/2019,"Tsim Sha Tsui, Kowloon",
C0000193,JR00010925,Digital Transformation Specialist,3/25/2019,"Taguig City, National Capital Region (Manila)",
C0000193,JR00016801,"Senior Manager, Project Management, IFRS 17",3/25/2019,"Taikoo Shing, Hong Kong Island",
C0000193,JR00016447,"AVP, IFRS17 Finance Lead, Asia",3/25/2019,"Taikoo Shing, Hong Kong Island",
C0000193,JR00017015,Licensing Associate - Frontline,3/25/2019,"Taguig City, National Capital Region (Manila)",
C0000193,JR00013216,"Senior Manager, Credit Analyst",3/25/2019,"Tsim Sha Tsui, Kowloon",
C0000193,JR00015873,"Associate Director, Clinical & Health Services",3/25/2019,"Scarborough, Maine, More...",
C0000193,JR00016967,"Supervisor, TPA Operations",3/25/2019,"Hunghom, Kowloon",
C0000193,JR00014778,"Director, Solutions Architect, Asia",3/25/2019,"Taikoo Shing, Hong Kong Island",
C0000193,JR00016281,"Officer, Client Service Delivery",3/25/2019,"Hunghom, Kowloon",
C0000193,JR00016587,"Senior Analyst, Finance Systems and Accounting Process",3/25/2019,"Wellesley Hills, Massachusetts",
C0000193,JR00016390,"Manager, Business Insights & Analytics",3/25/2019,"Tsim Sha Tsui, Kowloon",
C0000193,JR00016891,Summer Intern,3/25/2019,"Tsim Sha Tsui, Kowloon",
C0000193,JR00016754,Client Service Representative,3/25/2019,"Hunghom, Kowloon",
C0000193,JR00016707,Credit Analyst,3/25/2019,"Jakarta Selatan, Jakarta Raya",
C0000193,JR00016705,Agency Sales Development,3/25/2019,"Medan, Sumatera Utara",
C0000193,JR00016452,Senior Actuarial Associate,3/25/2019,"Toronto, Ontario",
C0000193,JR00016840,JDS Analyst/Developer,3/25/2019,"Vancouver, British Columbia",
C0000193,JR00016105,"Director Underwriting, Bermuda",3/25/2019,"Hamilton, Bermuda",
C0000193,JR00001668,"Associate Director, Integrated STD & Absence",3/25/2019,"Scarborough, Maine, More...",
C0000193,JR00016706,Sales Contest Management,3/25/2019,"Jakarta Selatan, Jakarta Raya",
C0000193,JR00014848,Senior Stop Loss Internal Sales Support (Account Manager),3/25/2019,"Wellesley Hills, Massachusetts, More...",
C0000193,JR00014862,Associate Stop Loss Internal Sales Support,3/25/2019,"Wellesley Hills, Massachusetts, More...",
C0000193,JR00006924,"Business Development Representative, Digital Health Solutions - $55-65K + Bonus",3/25/2019,"Montreal, Quebec",
C0000193,JR00015479,"Business Development Representative, Digital Health Solutions - $55-65K + Bonus",3/25/2019,"Waterloo, Ontario",
C0000193,JR00004543,Voluntary Employee Benefits Representative - Eastern PA/MD/DC,3/25/2019,"Wayne, Pennsylvania, More...",
C0000193,JR00016654,Underwriter 1,3/25/2019,"Taguig City, National Capital Region (Manila)",
C0000193,JR00016653,Underwriter 1,3/25/2019,"Taguig City, National Capital Region (Manila)",
C0000193,JR00013638,"Assistant Manager, Business Analysis",3/25/2019,"Hunghom, Kowloon",
C0000193,JR00016679,Relationship Manager - Prime Advisors,3/25/2019,"Windsor, Connecticut",
C0000193,JR00016552,"Account Development Representative, Digital Health Solutions - $55-65K + Bonus",3/25/2019,"Waterloo, Ontario",
C0000193,JR00016555,"Account Development Representative, Digital Health Solutions - $55-65K + Bonus",3/25/2019,"Toronto, Ontario",
C0000193,JR00016550,"Account Development Representative, Digital Health Solutions - $55-65K + Bonus",3/25/2019,"Montreal, Quebec",
C0000193,JR00016554,"Business Development Representative, Digital Health Solutions - $55-65K + Bonus",3/25/2019,"Toronto, Ontario",
C0000193,JR00016590,Sales Services Associate,3/25/2019,"Taguig City, National Capital Region (Manila)",
C0000193,JR00016594,Insurance Operations Apprentice,3/25/2019,"Taguig City, National Capital Region (Manila)",
C0000193,JR00016593,Client Care Associate,3/25/2019,"Taguig City, National Capital Region (Manila)",
C0000193,JR00016592,Client Service Center Associate,3/25/2019,"Taguig City, National Capital Region (Manila)",
C0000193,JR00016382,New Business - Facilitator,3/25/2019,"Taguig City, National Capital Region (Manila)",
C0000193,JR00016278,Trainer (Ilo-Ilo),3/25/2019,"Iloilo City, Iloilo",
C0000193,JR00016237,APS Analyst,3/25/2019,"Taguig City, National Capital Region (Manila)",
C0000193,JR00016238,APS Analyst,3/25/2019,"Taguig City, National Capital Region (Manila)",
C0000193,JR00016204,APS Analyst,3/25/2019,"Taguig City, National Capital Region (Manila)",
C0000193,JR00014935,Senior Product Manager - Agile Product Owner,3/25/2019,"Boston, Massachusettes",
C0000193,JR00015682,"Specialist, Business Development",3/25/2019,"Tsim Sha Tsui, Kowloon",
C0000193,JR00016374,"Director, IFRS 17 Actuarial, SLF Canada",3/25/2019,"Toronto, Ontario, More...",
C0000193,JR00016252,Finance Associate,3/25/2019,"Taguig City, National Capital Region (Manila)",
C0000193,JR00015072,Renewal Portfolio Manager,3/25/2019,"Windsor, CT Office",
C0000193,JR00009102,Bilingual Service Desk Agent,3/25/2019,"Waterford, Waterford, Ireland",
C0000193,JR00015048,Compliance Manager,3/25/2019,"Tsim Sha Tsui, Kowloon",
C0000193,JR00011510,Contractor,3/25/2019,"Taguig City, National Capital Region (Manila)",
C0000193,JR00016012,Associate 3,3/25/2019,"Taguig City, National Capital Region (Manila)",
C0000193,JR00016253,Banking Relationship Associate,3/25/2019,"Taguig City, National Capital Region (Manila)",
C0000193,JR00015770,"Senior Specialist, Development",3/25/2019,"Hunghom, Kowloon",
C0000193,JR00013255,"Senior Analyst, Development",3/25/2019,"Hunghom, Kowloon",
C0000193,JR00011595,Tele - Interviewer,3/25/2019,"Taguig City, National Capital Region (Manila)",
C0000193,JR00011555,Talent Development and Engagement Manager,3/25/2019,"Taguig City, National Capital Region (Manila)",
C0000193,JR00015429,Worksite Employee Benefits Representative - Wisconsin,3/25/2019,"Brookfield, Wisconsin",
C0000193,JR00013035,"Officer, Client Service Delivery",3/25/2019,"Hunghom, Kowloon",
C0000193,JR00015781,GB Supervisor,3/25/2019,"Taguig City, National Capital Region (Manila)",
C0000193,JR00012824,GRS Subject Matter Expert,3/25/2019,"Taguig City, National Capital Region (Manila)",
C0000193,JR00015671,"Associate, NB Review",3/25/2019,"Taguig City, National Capital Region (Manila)",
C0000193,JR00013046,Employee Benefits Representative - Houston,3/25/2019,"Houston, Texas",
C0000193,JR00014850,Customer Care Representative,3/25/2019,"Taguig City, National Capital Region (Manila)",
C0000193,JR00015434,"Administrator, TPA Operations",3/25/2019,"Hunghom, Kowloon",
C0000193,JR00015353,Service Desk Agent - ATS Specialist,3/25/2019,"Waterford, Waterford, Ireland",
C0000193,JR00013017,Individual Customer Care Representative,3/25/2019,"Taguig City, National Capital Region (Manila)",
C0000193,JR00015056,Campaign Telco and Fintech Solutions,3/25/2019,"Jakarta Selatan, Jakarta Raya",
C0000193,JR00015091,Client Care Representative,3/25/2019,"Taguig City, National Capital Region (Manila)",
C0000193,JR00015093,Team Leader,3/25/2019,"Taguig City, National Capital Region (Manila)",
C0000193,JR00015094,Operations Manager,3/25/2019,"Taguig City, National Capital Region (Manila)",
C0000193,JR00006685,Training Supervisor,3/25/2019,"Makati City, National Capital Region (Manila)",
C0000193,JR00013396,Senior Worksite Employee Benefits Representative,3/25/2019,"El Segundo, CA Group Sales Office (036)",
C0000193,JR00012852,Senior Worksite Employee Benefits Representative,3/25/2019,"Walnut Creek, California",
C0000193,JR00014068,Client Service Associate,3/25/2019,"Makati City, National Capital Region (Manila)",
C0000193,JR00013875,Senior Stop Loss Underwriter,3/25/2019,"Windsor, Connecticut, More...",
C0000193,JR00006158,Future Opportunities,3/25/2019,"Waterloo, Ontario, More...",
C0000193,JR00012376,Associate ( Casual),3/25/2019,"Taguig City, National Capital Region (Manila)",
C0000193,JR00012375,Associate ( Casual),3/25/2019,"Taguig City, National Capital Region (Manila)",
C0000193,SAL07834,SUN LIFE FINANCIAL ADVISOR - Barrie-Simcoe-Muskoka (FC 029),3/25/2019,"Barrie, Ontario",
C0000193,SAL07842,SUN LIFE FINANCIAL ADVISOR - Charlottetown (FC 033),3/25/2019,"Charlottetown, Prince Edward Island",
C0000193,SAL07840,SUN LIFE FINANCIAL ADVISOR - Abitibi-Témiscamingue (FC 013),3/25/2019,"Rouyn-Noranda, Quebec",
C0000193,SAL07836,SUN LIFE FINANCIAL ADVISOR - Brampton-Peel (FC 145),3/25/2019,"Brampton, Ontario",
C0000193,SAL07831,SUN LIFE FINANCIAL ADVISOR (across Canada),3/25/2019,"Toronto, Ontario",
C0000193,JR00012920,SUN LIFE FINANCIAL ADVISOR - St-Jean-sur-Richelieu  (FC 177),3/25/2019,"St-Jean-Sur-Richelieu, Quebec",
C0000193,JR00012912,SUN LIFE FINANCIAL ADVISOR - Fraser Gateway (FC 074),3/25/2019,"Surrey, British Columbia",
C0000193,JR00012908,SUN LIFE FINANCIAL ADVISOR - Chatham  (FC 48),3/25/2019,"Sarnia, Ontario",
C0000193,JR00012906,SUN LIFE FINANCIAL ADVISOR - Stratford (FC 23),3/25/2019,"Stratford, Ontario",
C0000193,JR00012591,SUN LIFE FINANCIAL ADVISOR - Anjou (FC 165),3/25/2019,"Anjou, Quebec",
C0000193,SAL07909,"SUN LIFE FINANCIAL ADVISOR - Winnipeg - Thompson (FC 15, 83 & 130)",3/25/2019,"Toronto, Ontario",
C0000193,SAL07908,SUN LIFE FINANCIAL ADVISOR - Windsor (FC 122 & 140),3/25/2019,"Toronto, Ontario",
C0000193,SAL07907,"SUN LIFE FINANCIAL ADVISOR - Waterloo & Kitchener (FC 46, 47 & 85)",3/25/2019,"Toronto, Ontario",
C0000193,SAL07906,SUN LIFE FINANCIAL ADVISOR - Victoria (FC 009),3/25/2019,"Victoria, British Columbia",
C0000193,SAL07905,SUN LIFE FINANCIAL ADVISOR - Vaughan (FC 104),3/25/2019,"Vaughan, Ontario",
C0000193,SAL07903,SUN LIFE FINANCIAL ADVISOR - Vancouver (FC 69),3/25/2019,"Vancouver, British Columbia",
C0000193,SAL07902,SUN LIFE FINANCIAL ADVISOR - Trois-Rivières (FC 063),3/25/2019,"Trois-Rivieres, Quebec",
C0000193,SAL07901,"SUN LIFE FINANCIAL ADVISOR - Toronto (FC 027, FC 102 & FC 187)",3/25/2019,"Toronto, Ontario",
C0000193,SAL07900,SUN LIFE FINANCIAL ADVISOR - St. Lawrence & Kingston (FC 001),3/25/2019,"Kingston, Ontario",
C0000193,SAL07899,SUN LIFE FINANCIAL ADVISOR - St-Laurent (FC 062),3/25/2019,"Saint-Laurent, Quebec",
C0000193,SAL07898,SUN LIFE FINANCIAL ADVISOR - St. John's (FC 041),3/25/2019,"St. John's, Newfoundland and Labrador",
C0000193,SAL07897,SUN LIFE FINANCIAL ADVISOR - South Saskatchewan (FC 51 / 151),3/25/2019,"Regina, Saskatchewan",
C0000193,SAL07896,SUN LIFE FINANCIAL ADVISOR - Sherbrooke (FC 055),3/25/2019,"Sherbrooke, Quebec",
C0000193,SAL07895,SUN LIFE FINANCIAL ADVISOR - Shawinigan (FC 036),3/25/2019,"Shawinigan, Quebec",
C0000193,SAL07894,SUN LIFE FINANCIAL ADVISOR - Scarborough (FC 014),3/25/2019,"Scarborough, Ontario",
C0000193,SAL07893,SUN LIFE FINANCIAL ADVISOR - Saskatoon (FC 49),3/25/2019,"Saskatoon, Saskatchewan",
C0000193,SAL07892,SUN LIFE FINANCIAL ADVISOR - Sarnia (FC 38),3/25/2019,"Sarnia, Ontario",
C0000193,SAL07891,SUN LIFE FINANCIAL ADVISOR - Saint John (FC 032),3/25/2019,"Saint John, New Brunswick",
C0000193,SAL07890,SUN LIFE FINANCIAL ADVISOR - Sainte-Julie (FC 095),3/25/2019,"Sainte-Julie, Quebec",
C0000193,SAL07889,SUN LIFE FINANCIAL ADVISOR - Rimouski (FC 042),3/25/2019,"Rimouski, Quebec",
C0000193,SAL07888,SUN LIFE FINANCIAL ADVISOR - Richmond Hill (FC 73 & 189),3/25/2019,"Toronto, Ontario",
C0000193,SAL07887,SUN LIFE FINANCIAL ADVISOR - Richmond (FC 181),3/25/2019,"Richmond, British Columbia",
C0000193,SAL07886,SUN LIFE FINANCIAL ADVISOR - Red Deer (FC 81),3/25/2019,"Red Deer, Alberta",
C0000193,SAL07885,SUN LIFE FINANCIAL ADVISOR - Québec (FC 030),3/25/2019,"Quebec, Quebec",
C0000193,SAL07884,SUN LIFE FINANCIAL ADVISOR - Pointe-Claire (FC 096),3/25/2019,"Pointe Claire, Quebec",
C0000193,SAL07883,SUN LIFE FINANCIAL ADVISOR - Peterborough (FC 057),3/25/2019,"Peterborough, Ontario",
C0000193,SAL07882,SUN LIFE FINANCIAL ADVISOR - Owen Sound - Grey Bruce (FC 25),3/25/2019,"Owen Sound, Ontario",
C0000193,SAL07881,SUN LIFE FINANCIAL ADVISOR - Ottawa (FC 17 & 105),3/25/2019,"Montreal, Quebec",
C0000193,SAL07880,SUN LIFE FINANCIAL ADVISOR - Okanagan (FC 71),3/25/2019,"Kelowna, British Columbia",
C0000193,SAL07879,SUN LIFE FINANCIAL ADVISOR - Oakville and Milton (FC 115 & FC 150),3/25/2019,"Toronto, Ontario",
C0000193,SAL07878,"SUN LIFE FINANCIAL ADVISOR - Nova Scotia (FC 056, FC 93 & FC 193)",3/25/2019,"Montreal, Quebec",
C0000193,SAL07877,SUN LIFE FINANCIAL ADVISOR - Northern Ontario (FC 007),3/25/2019,"Thunder Bay, Ontario",
C0000193,SAL07876,SUN LIFE FINANCIAL ADVISOR - Northern Gateway (FC 004 & FC 139),3/25/2019,"Toronto, Ontario",
C0000193,SAL07875,SUN LIFE FINANCIAL ADVISOR - Northeastern Ontario (FC 052),3/25/2019,"Timmins, Ontario",
C0000193,SAL07874,SUN LIFE FINANCIAL ADVISOR - North Central BC (FC 77),3/25/2019,"Prince George, British Columbia",
C0000193,SAL07873,SUN LIFE FINANCIAL ADVISOR - Nanaimo (FC 65),3/25/2019,"Nanaimo, British Columbia",
C0000193,SAL07872,SUN LIFE FINANCIAL ADVISOR - Montreal South shore (FC 084),3/25/2019,"Brossard, Quebec",
C0000193,SAL07871,SUN LIFE FINANCIAL ADVISOR - Montreal (FC 006),3/25/2019,"Montreal, Quebec",
C0000193,SAL07870,SUN LIFE FINANCIAL ADVISOR - Moncton (FC 024),3/25/2019,"Moncton, New Brunswick",
C0000193,SAL07869,SUN LIFE FINANCIAL ADVISOR - Mississauga (FC 050),3/25/2019,"Mississauga, Ontario",
C0000193,SAL07868,SUN LIFE FINANCIAL ADVISOR - Medicine Hat (FC 168),3/25/2019,"Medicine Hat, Alberta",
C0000193,SAL07867,SUN LIFE FINANCIAL ADVISOR - Markham and Toronto East (FC 78 & FC 144),3/25/2019,"Toronto, Ontario",
C0000193,SAL07866,SUN LIFE FINANCIAL ADVISOR - London (FC 8 & 120),3/25/2019,"London, Ontario",
C0000193,SAL07865,SUN LIFE FINANCIAL ADVISOR - Lethbridge (FC 68),3/25/2019,"Lethbridge, Alberta",
C0000193,JR00012996,"Associate, Policy Plan Change",3/25/2019,"Taguig City, National Capital Region (Manila)",
C0000193,SAL07864,SUN LIFE FINANCIAL ADVISOR - Laval - Lanaudière (FC 191),3/25/2019,"Laval, Quebec",
C0000193,SAL07863,SUN LIFE FINANCIAL ADVISOR - Laurentides (FC 163),3/25/2019,"Blainville, Quebec",
C0000193,SAL07862,SUN LIFE FINANCIAL ADVISOR - Lanaudière (FC 164),3/25/2019,"Terrebonne, Quebec",
C0000193,SAL07861,SUN LIFE FINANCIAL ADVISOR - Kootenay (FC 058),3/25/2019,"Cranbrook, British Columbia",
C0000193,SAL07860,SUN LIFE FINANCIAL ADVISOR - Kamloops (FC 66),3/25/2019,"Kamloops, British Columbia",
C0000193,SAL07859,SUN LIFE FINANCIAL ADVISOR - Hamilton-Burlington (FC 003),3/25/2019,"Hamilton, Ontario",
C0000193,SAL07858,SUN LIFE FINANCIAL ADVISOR - Greater Niagara (FC 016),3/25/2019,"St Catherines, Ontario",
C0000193,SAL07857,SUN LIFE FINANCIAL ADVISOR - Grand-Portage (FC 152),3/25/2019,"Rivière Du Loup, Quebec",
C0000193,SAL07856,SUN LIFE FINANCIAL ADVISOR - Grande Prairie (FC 59),3/25/2019,"Grande Prairie, Alberta",
C0000193,SAL07854,SUN LIFE FINANCIAL ADVISOR - Gatineau (FC 076),3/25/2019,"Gatineau, Quebec",
C0000193,SAL07853,SUN LIFE FINANCIAL ADVISOR - Fredericton (FC 022),3/25/2019,"Fredericton, New Brunswick",
C0000193,SAL07852,SUN LIFE FINANCIAL ADVISOR - Fraser Valley (FC 028),3/25/2019,"Abbotsford, British Columbia",
C0000193,SAL07850,SUN LIFE FINANCIAL ADVISOR - Edmundston (FC 149),3/25/2019,"Edmunston, New Brunswick",
C0000193,SAL07849,SUN LIFE FINANCIAL ADVISOR - Edmonton (FC 35 & 103),3/25/2019,"Calgary, Alberta",
C0000193,SAL07848,SUN LIFE FINANCIAL ADVISOR - Durham (FC 43),3/25/2019,"Pickering, Ontario",
C0000193,SAL07847,SUN LIFE FINANCIAL ADVISOR - Côte-Nord (FC 155),3/25/2019,"Sept-Îles, Quebec",
C0000193,SAL07846,SUN LIFE FINANCIAL ADVISOR - Corner Brook (FC 067),3/25/2019,"Corner Brook, Newfoundland and Labrador",
C0000193,SAL07845,SUN LIFE FINANCIAL ADVISOR - Clarington (FC 157),3/25/2019,"Bowmanville, Ontario",
C0000193,SAL07844,SUN LIFE FINANCIAL ADVISOR - Chicoutimi (FC 034),3/25/2019,"Chicoutimi, Quebec",
C0000193,SAL07843,SUN LIFE FINANCIAL ADVISOR - Chaudière Appalaches (FC 079),3/25/2019,"Lévis, Quebec",
C0000193,SAL07841,SUN LIFE FINANCIAL ADVISOR - Centre du Québec (FC 153),3/25/2019,"Drummondville, Quebec",
C0000193,SAL07838,SUN LIFE FINANCIAL ADVISOR - Burnaby (FC 61 & FC 111),3/25/2019,"Burnaby, British Columbia",
C0000193,SAL07837,SUN LIFE FINANCIAL ADVISOR - Brantford - Erie (FC 11),3/25/2019,"Brantford, Ontario",
C0000193,SAL07835,SUN LIFE FINANCIAL ADVISOR - Belleville (FC 002),3/25/2019,"Belleville, Ontario",
C0000193,JR00008394,"Data Analyst, Portfolio Management",3/25/2019,"Wellesley Hills, Massachusetts",
C0000193,JR00012168,Employee Benefits Representative,3/25/2019,"Walnut Creek, California",
C0000193,JR00012058,"Senior Actuarial Analyst, Model Development and Individual Life Analysis",3/25/2019,"Wellesley Hills, Massachusetts, More...",
C0000193,JR00009296,Financial Reporting & Controls Analyst,3/25/2019,"Wellesley Hills, Massachusetts",
C0000193,JR00003424,"Worksite Employee Benefit Representative - Nashville, TN",3/25/2019,"Nashville, Tennessee",
C0000193,JR00012097,Senior Client Service Representative,3/25/2019,"Hunghom, Kowloon",
C0000193,JR00005842,GRS Customer Care Representative,3/25/2019,"Taguig City, National Capital Region (Manila)",
C0000193,JR00012095,Systems Analyst - Band 5A,3/25/2019,"Taguig City, National Capital Region (Manila)",
C0000193,JR00009116,Quality Assurance Analyst - Stop Loss,3/25/2019,"Windsor, Connecticut, More...",
C0000193,JR00012088,Claim Manager,3/25/2019,"Jakarta Selatan, Jakarta Raya",
C0000193,JR00008522,Specialist - Development,3/25/2019,"Gurgaon, Haryana",
C0000193,JR00010362,Individual Customer Care Representative,3/25/2019,"Taguig City, National Capital Region (Manila)",
C0000193,JR00008232,Systems Analyst,3/25/2019,"Taguig City, National Capital Region (Manila)",
C0000193,JR00011113,GRS Supervisor,3/25/2019,"Taguig City, National Capital Region (Manila)",
C0000193,JR00010940,"Director, IFRS17 Program Manager",3/25/2019,"Taikoo Shing, Hong Kong Island",
C0000193,JR00009648,GRS Supervisor,3/25/2019,"Taguig City, National Capital Region (Manila)",
C0000193,JR00009508,IFRS 17 Finance Implementation Lead,3/25/2019,"Jakarta Selatan, Jakarta Raya",
C0000193,JR00009455,Customer Care Representative,3/25/2019,"Taguig City, National Capital Region (Manila)",
C0000193,JR00008374,Test Analyst 1,3/25/2019,"Taguig City, National Capital Region (Manila)",
C0000193,JR00009134,RPA BSA,3/25/2019,"Taguig City, National Capital Region (Manila)",
C0000193,JR00008416,Health and Safety Officer,3/25/2019,"Taguig City, National Capital Region (Manila)",
C0000193,JR00007392,Client Care Associate,3/25/2019,"Taguig City, National Capital Region (Manila)",
C0000193,JR00005927,Analyst Actuarial,3/25/2019,"Gurgaon, Haryana",
C0000193,JR00004363,Client Care Associate,3/25/2019,"Taguig City, National Capital Region (Manila)",
C0000193,JR00004530,Employee Benefits Representative - Des Moines,3/25/2019,"Des Moines, Iowa",
C0000193,JR00005342,Financial Centre Sales Manager or Associate Manager,3/25/2019,"Burnaby, British Columbia",
C0000193,JR00003003,Sales Manager or Associate Manager Financial Centre 28 - Fraser Valley (Abbotsford),3/25/2019,"Victoria, British Columbia, More...",
C0000193,JR00004357,Sales Services Associate,3/25/2019,"Taguig City, National Capital Region (Manila)",
C0000193,JR00003905,Senior Specialist Development,3/25/2019,"Gurgaon, Haryana",
C0000193,JR00002709,Stop Loss Sales Representative,3/25/2019,"Plano, Texas, More...",
C0000193,JR00000797,Future Opportunities,3/25/2019,"Taguig City, National Capital Region (Manila)",
C0000193,ITS01072,Principal Consultant,3/25/2019,"Gurgaon, Haryana",
C0000193,ITS00859,Specialist - Development,3/25/2019,"Gurgaon, Haryana",
